Channel Id,Channel Url,Channel Title
UC-3Hil-SglzWOnDMCM5D0LA,http://www.youtube.com/channel/UC-3Hil-SglzWOnDMCM5D0LA,SimbaThaGod
UC-3J5xNrAbTLbU1gN8mMpOA,http://www.youtube.com/channel/UC-3J5xNrAbTLbU1gN8mMpOA,Nitro Rad
UC-6xK8GHYM-oNr4AF5bRDKA,http://www.youtube.com/channel/UC-6xK8GHYM-oNr4AF5bRDKA,APS Amplifier
UC-7nELDbJEPF3muAzSeT74g,http://www.youtube.com/channel/UC-7nELDbJEPF3muAzSeT74g,Disrupt
UC-9QiiVaViuqMhLp1XEwdxA,http://www.youtube.com/channel/UC-9QiiVaViuqMhLp1XEwdxA,Arlo
UC-9jtC-fuSz0Qs08YCZVzeg,http://www.youtube.com/channel/UC-9jtC-fuSz0Qs08YCZVzeg,Tre Watson
UC-Ftv2jY6Y_sUvqR8P20Klg,http://www.youtube.com/channel/UC-Ftv2jY6Y_sUvqR8P20Klg,The Wilson's sanctuary.
UC-JuIvgBItQXXO2c7D_j3Vg,http://www.youtube.com/channel/UC-JuIvgBItQXXO2c7D_j3Vg,InvertedTorch
UC-L96YNkuK8ZzA4v01NfYXA,http://www.youtube.com/channel/UC-L96YNkuK8ZzA4v01NfYXA,Saminated
UC-LlvExHgfc73J52jOiZanQ,http://www.youtube.com/channel/UC-LlvExHgfc73J52jOiZanQ,Eleum Loyce
UC-NvQ4Z8mr9DPh_5L7DPnzQ,http://www.youtube.com/channel/UC-NvQ4Z8mr9DPh_5L7DPnzQ,713speaks
UC-UZjHl2kZ-6XKBLgbFgGAQ,http://www.youtube.com/channel/UC-UZjHl2kZ-6XKBLgbFgGAQ,CovertGoBlue
UC-VQS646nwCThIQzssKWNJA,http://www.youtube.com/channel/UC-VQS646nwCThIQzssKWNJA,Mastermind6425
UC-kKKFh2AONlm2ND74ruBoQ,http://www.youtube.com/channel/UC-kKKFh2AONlm2ND74ruBoQ,sharp
UC-lmdv0OTb4uQQSzwbzhLsg,http://www.youtube.com/channel/UC-lmdv0OTb4uQQSzwbzhLsg,GlitchxCity
UC-ol6cvdiLjBn4FrGgvhdrA,http://www.youtube.com/channel/UC-ol6cvdiLjBn4FrGgvhdrA,ZeldaMaster
UC-pE29OUR43BqqBxIeyo_GA,http://www.youtube.com/channel/UC-pE29OUR43BqqBxIeyo_GA,ChannelFrederator
UC-rtwcbnhcXywa7GINatwAw,http://www.youtube.com/channel/UC-rtwcbnhcXywa7GINatwAw,Night Kido
UC-tChwdwjFjdpFmDfb-XueQ,http://www.youtube.com/channel/UC-tChwdwjFjdpFmDfb-XueQ,Laughingstock Media
UC-vPoWmu27IeQ4kf4ZvODTg,http://www.youtube.com/channel/UC-vPoWmu27IeQ4kf4ZvODTg,mofe.
UC-xVpPo2QyPPDPwz02jMpbA,http://www.youtube.com/channel/UC-xVpPo2QyPPDPwz02jMpbA,DA SHUFFLE
UC0032Wkd3aCT4rRi1YOV3gQ,http://www.youtube.com/channel/UC0032Wkd3aCT4rRi1YOV3gQ,BigGucci Sosa
UC02xPusXq5pAHPv2IzUQ5eg,http://www.youtube.com/channel/UC02xPusXq5pAHPv2IzUQ5eg,JayRath
UC08Ti695CxuzFhM14fObkPw,http://www.youtube.com/channel/UC08Ti695CxuzFhM14fObkPw,PLVYHAUS II
UC0A_Jk_KqFcwnEBtyNqolsA,http://www.youtube.com/channel/UC0A_Jk_KqFcwnEBtyNqolsA,TyranitarTube
UC0CvB-RlwNvox0GEwb8_jdA,http://www.youtube.com/channel/UC0CvB-RlwNvox0GEwb8_jdA,Sight Seeker
UC0EVUQTMg_ukn7JLojx44Ig,http://www.youtube.com/channel/UC0EVUQTMg_ukn7JLojx44Ig,kryskko
UC0L1UZsfCTUu15xPUoMkyfA,http://www.youtube.com/channel/UC0L1UZsfCTUu15xPUoMkyfA,coldrain
UC0OgyAMb7QX49oNPjtCgA2g,http://www.youtube.com/channel/UC0OgyAMb7QX49oNPjtCgA2g,Turbo Tyler
UC0PwnkrnSKiEu6JbrGj_Ulg,http://www.youtube.com/channel/UC0PwnkrnSKiEu6JbrGj_Ulg,Gysher
UC0VVYtw21rg2cokUystu2Dw,http://www.youtube.com/channel/UC0VVYtw21rg2cokUystu2Dw,SmallAnt
UC0VnJJCeew_x-keudW6sWzQ,http://www.youtube.com/channel/UC0VnJJCeew_x-keudW6sWzQ,Leyyy‽
UC0WP5P-ufpRfjbNrmOWwLBQ,http://www.youtube.com/channel/UC0WP5P-ufpRfjbNrmOWwLBQ,The Weeknd
UC0XrE36zYbqB-Sog-WYLIyw,http://www.youtube.com/channel/UC0XrE36zYbqB-Sog-WYLIyw,Hecc
UC0YNUrqxxSGkl6GFsxoe_pg,http://www.youtube.com/channel/UC0YNUrqxxSGkl6GFsxoe_pg,The RAH Band
UC0a9WSHZGg2LX6trQ70R4IQ,http://www.youtube.com/channel/UC0a9WSHZGg2LX6trQ70R4IQ,DreamAway
UC0biZ8SD3C-AVgBC5w90YxQ,http://www.youtube.com/channel/UC0biZ8SD3C-AVgBC5w90YxQ,DBAarons
UC0bpxkQeJJUuwuL7Tt77eAA,http://www.youtube.com/channel/UC0bpxkQeJJUuwuL7Tt77eAA,DC3
UC0cTVjYKgAnBrXQKcICyNmA,http://www.youtube.com/channel/UC0cTVjYKgAnBrXQKcICyNmA,HoodlumCallum
UC0dCtPiLsY7NQrLDBMdcpfg,http://www.youtube.com/channel/UC0dCtPiLsY7NQrLDBMdcpfg,Suburbbaby
UC0djpQAyKU-RV8YX_9GbN9g,http://www.youtube.com/channel/UC0djpQAyKU-RV8YX_9GbN9g,giantessfan345
UC0fcvUBy5ihZPKKyn8jEayA,http://www.youtube.com/channel/UC0fcvUBy5ihZPKKyn8jEayA,TheRoninRiceGuru
UC0g5XtGZLP605rJ-2Ozvxrw,http://www.youtube.com/channel/UC0g5XtGZLP605rJ-2Ozvxrw,[Light Space Man]
UC0nmAGQ7kw0cMmo8xdSD5ow,http://www.youtube.com/channel/UC0nmAGQ7kw0cMmo8xdSD5ow,Grafted Dreams
UC0qvvAgmcpd4S02VIPnjuaw,http://www.youtube.com/channel/UC0qvvAgmcpd4S02VIPnjuaw,Sethos
UC0sj9Ykf4skAGwgVC75zorQ,http://www.youtube.com/channel/UC0sj9Ykf4skAGwgVC75zorQ,Treesicle
UC0tYh4-szljM-ieajV8Fglg,http://www.youtube.com/channel/UC0tYh4-szljM-ieajV8Fglg,riahijk
UC0tZXG5hDHwPk9CK_kS4gJQ,http://www.youtube.com/channel/UC0tZXG5hDHwPk9CK_kS4gJQ,Synsei
UC0tsEzLuyaw4W1Uk1Ra0qzw,http://www.youtube.com/channel/UC0tsEzLuyaw4W1Uk1Ra0qzw,Pixel Boyfriend xml
UC0vmyN-MjQ6OPhVOd6tZLRA,http://www.youtube.com/channel/UC0vmyN-MjQ6OPhVOd6tZLRA,Weazy
UC10BM9XdLdrvB8japwmRUvA,http://www.youtube.com/channel/UC10BM9XdLdrvB8japwmRUvA,Kanaria
UC11gFyIq9IQ4AJCp1ivULUQ,http://www.youtube.com/channel/UC11gFyIq9IQ4AJCp1ivULUQ,KILTLE
UC12qezbIDmro0C5qBEIdFWg,http://www.youtube.com/channel/UC12qezbIDmro0C5qBEIdFWg,Markanimation
UC17vsYVoIwch5UzPar1LDmQ,http://www.youtube.com/channel/UC17vsYVoIwch5UzPar1LDmQ,ymfah
UC18DgBp_7kmrrrRfAvIBH1w,http://www.youtube.com/channel/UC18DgBp_7kmrrrRfAvIBH1w,King Bullet
UC1E2l3f3XVR7LbVV9zsMfdQ,http://www.youtube.com/channel/UC1E2l3f3XVR7LbVV9zsMfdQ,BOLDcast One Piece
UC1NXsySapJikvnK0MJDipoQ,http://www.youtube.com/channel/UC1NXsySapJikvnK0MJDipoQ,cooluno_9
UC1btEVPg6e7xA9jo2Ui2t4w,http://www.youtube.com/channel/UC1btEVPg6e7xA9jo2Ui2t4w,Vitotcher
UC1cd8STuv1SVEMd3g8kKLaw,http://www.youtube.com/channel/UC1cd8STuv1SVEMd3g8kKLaw,Mr Hollow
UC1dD8slJi9oQHXtINofslWw,http://www.youtube.com/channel/UC1dD8slJi9oQHXtINofslWw,Broken Ronin
UC1gFupzlvc-zqeI3mBz8GcQ,http://www.youtube.com/channel/UC1gFupzlvc-zqeI3mBz8GcQ,ImKevinn
UC1ifq_xWkp6z3vHta2yco4g,http://www.youtube.com/channel/UC1ifq_xWkp6z3vHta2yco4g,GeekdUpDee
UC1jMIV8meSTrI6zf5dtu-vg,http://www.youtube.com/channel/UC1jMIV8meSTrI6zf5dtu-vg,Olamasama
UC1mpMgQCCY7rljP_V-BOflA,http://www.youtube.com/channel/UC1mpMgQCCY7rljP_V-BOflA,Nicobbq
UC1ue9syZNjbkuctTLi1NqEg,http://www.youtube.com/channel/UC1ue9syZNjbkuctTLi1NqEg,ThoughtBubble
UC1wWQb7GYP6d_FdrNts-DpQ,http://www.youtube.com/channel/UC1wWQb7GYP6d_FdrNts-DpQ,Charriii5
UC1zGPoSs8Ulw-GtxdWliqGA,http://www.youtube.com/channel/UC1zGPoSs8Ulw-GtxdWliqGA,Garbage Day Productions
UC26hbdeqyPRl7VsnK1UhFPw,http://www.youtube.com/channel/UC26hbdeqyPRl7VsnK1UhFPw,Toby Fox
UC270eDogcF1X4QePI5v7RSw,http://www.youtube.com/channel/UC270eDogcF1X4QePI5v7RSw,Getting to Know Japanese Language & Culture
UC27K_KwS1abA5vSpbsanAmw,http://www.youtube.com/channel/UC27K_KwS1abA5vSpbsanAmw,Absurdtuary
UC29ft8y72EZKVa7jwhkkIQg,http://www.youtube.com/channel/UC29ft8y72EZKVa7jwhkkIQg,NxtGen Robotics
UC2IYWWifoIht9T47z1Z5lJw,http://www.youtube.com/channel/UC2IYWWifoIht9T47z1Z5lJw,Dead Meat
UC2N7RHsKvOu3oW33FudBhWw,http://www.youtube.com/channel/UC2N7RHsKvOu3oW33FudBhWw,Name SubDame
UC2NU0s1H0p9N4jvF7qV59vA,http://www.youtube.com/channel/UC2NU0s1H0p9N4jvF7qV59vA,Little Kuriboh
UC2O2xML7kL6Rbv3fjyi74xA,http://www.youtube.com/channel/UC2O2xML7kL6Rbv3fjyi74xA,Zach Star Himself
UC2OvuHl6J35IXLvEybJWNSA,http://www.youtube.com/channel/UC2OvuHl6J35IXLvEybJWNSA,VArcher
UC2RPqCesFLLpy_iwMJrFdHw,http://www.youtube.com/channel/UC2RPqCesFLLpy_iwMJrFdHw,AetherVerse
UC2SVUGk_kWw62xkFxOGI7Ig,http://www.youtube.com/channel/UC2SVUGk_kWw62xkFxOGI7Ig,Internet Pitstop
UC2VH05Fm4dIfp2gbFtkGNnA,http://www.youtube.com/channel/UC2VH05Fm4dIfp2gbFtkGNnA,T4thDoH
UC2WUTAQ-quWmVCA_dcgr3Kg,http://www.youtube.com/channel/UC2WUTAQ-quWmVCA_dcgr3Kg,BOLDcast
UC2_krAagEXVPftDXZCDiVZA,http://www.youtube.com/channel/UC2_krAagEXVPftDXZCDiVZA,Kaname Naito
UC2dIerXhN6P-zFruVXhO-7g,http://www.youtube.com/channel/UC2dIerXhN6P-zFruVXhO-7g,AdamCrossing
UC2epDd3eVoTRE8FdqOsf_fg,http://www.youtube.com/channel/UC2epDd3eVoTRE8FdqOsf_fg,AkinReacts
UC2gB7YCgfHIskI3HsY1teDw,http://www.youtube.com/channel/UC2gB7YCgfHIskI3HsY1teDw,Alpharad Platinum
UC2iRz1PRsly1N1gMP2yiNsQ,http://www.youtube.com/channel/UC2iRz1PRsly1N1gMP2yiNsQ,Apollo Fresh
UC2jPlHb7lg5xBiZory6PUNg,http://www.youtube.com/channel/UC2jPlHb7lg5xBiZory6PUNg,James Liam Figueroa
UC2jxJHf569ZcA6LHajBZ7rg,http://www.youtube.com/channel/UC2jxJHf569ZcA6LHajBZ7rg,RUSTAGE
UC2msEzmNU3Um7KF2EnXJBFA,http://www.youtube.com/channel/UC2msEzmNU3Um7KF2EnXJBFA,GrandLineReview
UC2oXdm-SWAnETyqmO85XSzw,http://www.youtube.com/channel/UC2oXdm-SWAnETyqmO85XSzw,Shimon Davis
UC2zfYtFKS378IqVXjq8W8pQ,http://www.youtube.com/channel/UC2zfYtFKS378IqVXjq8W8pQ,Thomas Pearson
UC34BsrlwLhGnTjzVZg2PqdA,http://www.youtube.com/channel/UC34BsrlwLhGnTjzVZg2PqdA,Subaru's Forbidden Library
UC36EI1DlEZ0Xjpm5z-jh5Yw,http://www.youtube.com/channel/UC36EI1DlEZ0Xjpm5z-jh5Yw,Mitchell4TheWin (Mitchell4TheWin)
UC37kWjWIl-FR9qW4JpLKnUQ,http://www.youtube.com/channel/UC37kWjWIl-FR9qW4JpLKnUQ,Experimandom Films
UC3BJ-xQMcLJVzK0Uo7wfXOg,http://www.youtube.com/channel/UC3BJ-xQMcLJVzK0Uo7wfXOg,FreshestAnime
UC3D_ZXHwaKekKwbO_LM48OQ,http://www.youtube.com/channel/UC3D_ZXHwaKekKwbO_LM48OQ,Super Planet Dolan
UC3EGqxEvDjRUM2HpquFVciA,http://www.youtube.com/channel/UC3EGqxEvDjRUM2HpquFVciA,Omid540
UC3EO_ieztrEA5KsK_whUrEA,http://www.youtube.com/channel/UC3EO_ieztrEA5KsK_whUrEA,a!ka
UC3F0Fw6OBnrB1M_O-PjJQcg,http://www.youtube.com/channel/UC3F0Fw6OBnrB1M_O-PjJQcg,dipple88
UC3Lmytq3AlvcJ-34If_jDyw,http://www.youtube.com/channel/UC3Lmytq3AlvcJ-34If_jDyw,Jehtt
UC3Pa5XABNoAeEkHWxiZ3xPg,http://www.youtube.com/channel/UC3Pa5XABNoAeEkHWxiZ3xPg,Nasu
UC3QnZH-AOHfdN_xz2Y6D7Kw,http://www.youtube.com/channel/UC3QnZH-AOHfdN_xz2Y6D7Kw,Best Anime Moments In 7 Seconds
UC3RIcfnBQinhnhKHCIEA16Q,http://www.youtube.com/channel/UC3RIcfnBQinhnhKHCIEA16Q,Just Some Guy without a Mustache
UC3Tqgh3dSyBYW4rj9x4jvzg,http://www.youtube.com/channel/UC3Tqgh3dSyBYW4rj9x4jvzg,JMSN
UC3Va-8NnzTuV-Yv-JlyuQsQ,http://www.youtube.com/channel/UC3Va-8NnzTuV-Yv-JlyuQsQ,Tee Lopes
UC3Yl5qby93L7MBOJGihgxEg,http://www.youtube.com/channel/UC3Yl5qby93L7MBOJGihgxEg,Rash Plays
UC3YpOMW8nghC78qvjtS06Hg,http://www.youtube.com/channel/UC3YpOMW8nghC78qvjtS06Hg,Meshaev
UC3dFQikQgoOZzmoW_iBKN3A,http://www.youtube.com/channel/UC3dFQikQgoOZzmoW_iBKN3A,sakizuke
UC3dd-BB68HU2rs0yCmBoAeA,http://www.youtube.com/channel/UC3dd-BB68HU2rs0yCmBoAeA,Ape Knight Gaming
UC3fzzdESQPub2yQfn11K66Q,http://www.youtube.com/channel/UC3fzzdESQPub2yQfn11K66Q,The Mariner’s Voyages
UC3hn5VG0hrW6vHydcBchvVw,http://www.youtube.com/channel/UC3hn5VG0hrW6vHydcBchvVw,JustATreeGuy
UC3jf-WdvQaIl3Gp-SKMHZLA,http://www.youtube.com/channel/UC3jf-WdvQaIl3Gp-SKMHZLA,Gerbert Johnson
UC3lBXcrKFnFAFkfVk5WuKcQ,http://www.youtube.com/channel/UC3lBXcrKFnFAFkfVk5WuKcQ,Kendrick Lamar
UC3mGACXamOx7y4pLn-0FEHg,http://www.youtube.com/channel/UC3mGACXamOx7y4pLn-0FEHg,Critikal Demonix
UC3sznuotAs2ohg_U__Jzj_Q,http://www.youtube.com/channel/UC3sznuotAs2ohg_U__Jzj_Q,The Film Theorists
UC3tZRm0-gebQjRqkTxcrkkg,http://www.youtube.com/channel/UC3tZRm0-gebQjRqkTxcrkkg,Kyskke
UC3vg17IZ1IV73xx069jG44w,http://www.youtube.com/channel/UC3vg17IZ1IV73xx069jG44w,Official髭男dism
UC3wxqeB1gIxdw6YKueea5Jg,http://www.youtube.com/channel/UC3wxqeB1gIxdw6YKueea5Jg,ZeroLenny
UC41QTkTFlGy-0iFXXRhbaMw,http://www.youtube.com/channel/UC41QTkTFlGy-0iFXXRhbaMw,nasurith
UC44G0QdnNQbBLkvK5HybamQ,http://www.youtube.com/channel/UC44G0QdnNQbBLkvK5HybamQ,Pedro Araujo
UC4G10tk3AHFuyMIuD3rHOBA,http://www.youtube.com/channel/UC4G10tk3AHFuyMIuD3rHOBA,RDCworld1
UC4GXMHCwmONp6XFRB5SayAg,http://www.youtube.com/channel/UC4GXMHCwmONp6XFRB5SayAg,なとり / natori
UC4HWk0z02lsae3ggSvh50EQ,http://www.youtube.com/channel/UC4HWk0z02lsae3ggSvh50EQ,ssjGOD_edits 69
UC4HeA6py0NFQXfwwYfMNivA,http://www.youtube.com/channel/UC4HeA6py0NFQXfwwYfMNivA,MalsWRLD
UC4JL8XJ9dxqfvzTM8L5Sl3w,http://www.youtube.com/channel/UC4JL8XJ9dxqfvzTM8L5Sl3w,Zullie the Witch
UC4KIXOHiOjd918SH-H5SlXQ,http://www.youtube.com/channel/UC4KIXOHiOjd918SH-H5SlXQ,liana flores
UC4PbcB2CXFYxcbI6fN9i4Rg,http://www.youtube.com/channel/UC4PbcB2CXFYxcbI6fN9i4Rg,Chrisdrau
UC4SVo0Ue36XCfOyb5Lh1viQ,http://www.youtube.com/channel/UC4SVo0Ue36XCfOyb5Lh1viQ,Bro Code
UC4U5AknfuaOaFrDT4KpS6lg,http://www.youtube.com/channel/UC4U5AknfuaOaFrDT4KpS6lg,cash carti
UC4UNA21XfMrypma9mOMCPfQ,http://www.youtube.com/channel/UC4UNA21XfMrypma9mOMCPfQ,Townzie TV
UC4WFB_xzQ0b8UcllQoqZEIg,http://www.youtube.com/channel/UC4WFB_xzQ0b8UcllQoqZEIg,K-NIXS
UC4_FwMP_wlOYb8yvZkdKJeA,http://www.youtube.com/channel/UC4_FwMP_wlOYb8yvZkdKJeA,SmashBits Animations
UC4nwKFNoYUt3X-XGBJFOuuQ,http://www.youtube.com/channel/UC4nwKFNoYUt3X-XGBJFOuuQ,noafawn
UC4oDPT1QlVf7bxxoxirxdqw,http://www.youtube.com/channel/UC4oDPT1QlVf7bxxoxirxdqw,The Shuckmeister
UC4oo36VSTk5fH6YJSICEDMA,http://www.youtube.com/channel/UC4oo36VSTk5fH6YJSICEDMA,Marz
UC4rqhyiTs7XyuODcECvuiiQ,http://www.youtube.com/channel/UC4rqhyiTs7XyuODcECvuiiQ,Scott The Woz
UC4v-Wm0EY2p9tSz5TOTYnBA,http://www.youtube.com/channel/UC4v-Wm0EY2p9tSz5TOTYnBA,Psyculturists
UC52bahafdsBFd6n7x3jJ1vw,http://www.youtube.com/channel/UC52bahafdsBFd6n7x3jJ1vw,KENTENSHI
UC59Tp-hcCGaS815Q7ecR6dA,http://www.youtube.com/channel/UC59Tp-hcCGaS815Q7ecR6dA,Gwilly
UC5BZW8-9F3Zq20LTrpyRfFg,http://www.youtube.com/channel/UC5BZW8-9F3Zq20LTrpyRfFg,midnight snacks
UC5E0MrgcW45AIqyN0QqJMwQ,http://www.youtube.com/channel/UC5E0MrgcW45AIqyN0QqJMwQ,Carlie & Ange
UC5GxAYK3un9LInGhR6dP_QA,http://www.youtube.com/channel/UC5GxAYK3un9LInGhR6dP_QA,DJ TENEBROSO ORIGINAL
UC5JLYInS7GDeTPvzxu8bdGA,http://www.youtube.com/channel/UC5JLYInS7GDeTPvzxu8bdGA,Limeguy
UC5K4JJPQLE_yz7cP_zfTYfw,http://www.youtube.com/channel/UC5K4JJPQLE_yz7cP_zfTYfw,Double Dragon Broz
UC5RscOKlwTUpky7GWTB0LXQ,http://www.youtube.com/channel/UC5RscOKlwTUpky7GWTB0LXQ,Mondo Cool
UC5Yo88QF-chdugJbAnB2tUw,http://www.youtube.com/channel/UC5Yo88QF-chdugJbAnB2tUw,Casual Geographic
UC5_MdSxoWz2xEDcYH1ohnxg,http://www.youtube.com/channel/UC5_MdSxoWz2xEDcYH1ohnxg,Pharaoh Atem
UC5c6fYiZszPk5LJDPzkElrg,http://www.youtube.com/channel/UC5c6fYiZszPk5LJDPzkElrg,j-gems
UC5enhS5tdXhHNbj8s_kdBUw,http://www.youtube.com/channel/UC5enhS5tdXhHNbj8s_kdBUw,FusionZGamer
UC5hZbtg-Xu6gtPCWcEw3V3w,http://www.youtube.com/channel/UC5hZbtg-Xu6gtPCWcEw3V3w,Joey Nato
UC5kcDyzrnTxrgSsoNpl3wFg,http://www.youtube.com/channel/UC5kcDyzrnTxrgSsoNpl3wFg,Tylearn
UC5n0Zp89i-Ar5urXSnZS8Cg,http://www.youtube.com/channel/UC5n0Zp89i-Ar5urXSnZS8Cg,Meteorz
UC5rzm7Jbxk3u2q6hsGRUh8w,http://www.youtube.com/channel/UC5rzm7Jbxk3u2q6hsGRUh8w,HAARPER
UC5wSitOQZCJVNNDw0-V1PlQ,http://www.youtube.com/channel/UC5wSitOQZCJVNNDw0-V1PlQ,JELEEL!
UC6-OiaulQM8w6EAYaCNpoGg,http://www.youtube.com/channel/UC6-OiaulQM8w6EAYaCNpoGg,DM DOKURO
UC6107grRI4m0o2-emgoDnAA,http://www.youtube.com/channel/UC6107grRI4m0o2-emgoDnAA,SmarterEveryDay
UC618BHYbuPQ8GouN-APdUAg,http://www.youtube.com/channel/UC618BHYbuPQ8GouN-APdUAg,Grant
UC64b_exdYBnQoca2FWhzkxA,http://www.youtube.com/channel/UC64b_exdYBnQoca2FWhzkxA,STA3
UC6ANdSKJuZz4cRNmcfvWGSw,http://www.youtube.com/channel/UC6ANdSKJuZz4cRNmcfvWGSw,NoteBlock
UC6CTLhcxM1aMxUFwOQss9iA,http://www.youtube.com/channel/UC6CTLhcxM1aMxUFwOQss9iA,Sakura
UC6DEdt505hTnH7s-FavkWog,http://www.youtube.com/channel/UC6DEdt505hTnH7s-FavkWog,NGPlus
UC6HfhID-PTOtY3T2JylQVGA,http://www.youtube.com/channel/UC6HfhID-PTOtY3T2JylQVGA,HARDSTOP LUCAS
UC6LBo0GXFaUtf-mWccqfw-w,http://www.youtube.com/channel/UC6LBo0GXFaUtf-mWccqfw-w,The Backlogs
UC6LJKFtA2Jh2kG3ctY-brKg,http://www.youtube.com/channel/UC6LJKFtA2Jh2kG3ctY-brKg,Duk Reacts
UC6MSSZ0izfJJCLZWe6hXDrg,http://www.youtube.com/channel/UC6MSSZ0izfJJCLZWe6hXDrg,Brandxns
UC6PIXO5OKCJQ1ylOJvD_9NA,http://www.youtube.com/channel/UC6PIXO5OKCJQ1ylOJvD_9NA,Jesse ジェシー Villanueva
UC6UBbvEA8uh6Ulc6ax1Zs0g,http://www.youtube.com/channel/UC6UBbvEA8uh6Ulc6ax1Zs0g,Alex Kister
UC6VcWc1rAoWdBCM0JxrRQ3A,http://www.youtube.com/channel/UC6VcWc1rAoWdBCM0JxrRQ3A,Rockstar Games
UC6cLoGFEhI817XEK_nr8tFA,http://www.youtube.com/channel/UC6cLoGFEhI817XEK_nr8tFA,st4rcannon
UC6g4w7Woyvae21P3z3YimXg,http://www.youtube.com/channel/UC6g4w7Woyvae21P3z3YimXg,蜥蜴面のたくT ゲーム配信&MADch
UC6m-7m6tI6FVG8ixnr6okMw,http://www.youtube.com/channel/UC6m-7m6tI6FVG8ixnr6okMw,KezKami
UC6pGDc4bFGD1_36IKv3FnYg,http://www.youtube.com/channel/UC6pGDc4bFGD1_36IKv3FnYg,Crunchyroll
UC6qAStPIje9EODvbiX0eOzQ,http://www.youtube.com/channel/UC6qAStPIje9EODvbiX0eOzQ,Zed
UC6rpJg7Rl4nHYtrSDTAAwrQ,http://www.youtube.com/channel/UC6rpJg7Rl4nHYtrSDTAAwrQ,mattragel
UC6sjkvDzyY0J8o7k2Kc5rEw,http://www.youtube.com/channel/UC6sjkvDzyY0J8o7k2Kc5rEw,Lockstin & Gnoggin
UC6vHdqDhh0ChvOJL1NbkaFQ,http://www.youtube.com/channel/UC6vHdqDhh0ChvOJL1NbkaFQ,Zesty Zeek
UC6wTTPpCxpaDVdrD69PyuaA,http://www.youtube.com/channel/UC6wTTPpCxpaDVdrD69PyuaA,Ritto Gaming
UC70gemOToJU5ELl0g6McseQ,http://www.youtube.com/channel/UC70gemOToJU5ELl0g6McseQ,Rehv's Basement
UC7768_kojbxcO1vThMKUZLA,http://www.youtube.com/channel/UC7768_kojbxcO1vThMKUZLA,rillrail
UC78H1u_Fg3gH_Gb0SB6scgQ,http://www.youtube.com/channel/UC78H1u_Fg3gH_Gb0SB6scgQ,Saiyan Scholar
UC7EOXPMBkjlo_-BX_XljfyA,http://www.youtube.com/channel/UC7EOXPMBkjlo_-BX_XljfyA,Nobey One
UC7EdgkEJWcCqT1-5gWrYCSQ,http://www.youtube.com/channel/UC7EdgkEJWcCqT1-5gWrYCSQ,Just Satori
UC7FW6FYqPLeQIXMSulBfOLw,http://www.youtube.com/channel/UC7FW6FYqPLeQIXMSulBfOLw,Merphy Napier | Manga
UC7FzQUbijP0QTNJZ8QuGFGA,http://www.youtube.com/channel/UC7FzQUbijP0QTNJZ8QuGFGA,Akiko
UC7GhtD9xj8YU15KF6O2qaTA,http://www.youtube.com/channel/UC7GhtD9xj8YU15KF6O2qaTA,DSGJ0SH
UC7JK_nWtuSAa-Ke2_ENxdzQ,http://www.youtube.com/channel/UC7JK_nWtuSAa-Ke2_ENxdzQ,Ryu Ryu
UC7KtWhBCXnKquH2qz1rc6Ng,http://www.youtube.com/channel/UC7KtWhBCXnKquH2qz1rc6Ng,HugelDude
UC7LnJAhfmQBqKWIYQ7WBpkQ,http://www.youtube.com/channel/UC7LnJAhfmQBqKWIYQ7WBpkQ,SSJ9K
UC7MHUhc3xSd3Y4p2yTzrx9A,http://www.youtube.com/channel/UC7MHUhc3xSd3Y4p2yTzrx9A,UDIENNX 
UC7MxBUUiCi5kwbqi_KB3Q3Q,http://www.youtube.com/channel/UC7MxBUUiCi5kwbqi_KB3Q3Q,ThatOneGuy'sAnimations
UC7UAJKeLQmsDQDjCQctEARA,http://www.youtube.com/channel/UC7UAJKeLQmsDQDjCQctEARA,Dr.Wily
UC7Ux0JFvPObXL6ym_aCKVcQ,http://www.youtube.com/channel/UC7Ux0JFvPObXL6ym_aCKVcQ,Firefistkat
UC7VG49DVRseUSJDn_kJJaYg,http://www.youtube.com/channel/UC7VG49DVRseUSJDn_kJJaYg,Micah Akins
UC7W6soTa6GsUB6O9IyqZmKQ,http://www.youtube.com/channel/UC7W6soTa6GsUB6O9IyqZmKQ,Devonte The One
UC7WDD6yHgzdqijHluCi1z-Q,http://www.youtube.com/channel/UC7WDD6yHgzdqijHluCi1z-Q,The Act Man
UC7XMYopRF9sS5AxTd3zxnJQ,http://www.youtube.com/channel/UC7XMYopRF9sS5AxTd3zxnJQ,Fodimin Layton
UC7_YxT-KID8kRbqZo7MyscQ,http://www.youtube.com/channel/UC7_YxT-KID8kRbqZo7MyscQ,Markiplier
UC7a3hNuYzGlifaTX3HuRsOg,http://www.youtube.com/channel/UC7a3hNuYzGlifaTX3HuRsOg,J Wisdom
UC7dF9qfBMXrSlaaFFDvV_Yg,http://www.youtube.com/channel/UC7dF9qfBMXrSlaaFFDvV_Yg,Gigguk
UC7ePoBErJZ9PK1PCA_-7B9A,http://www.youtube.com/channel/UC7ePoBErJZ9PK1PCA_-7B9A,4leaf
UC7eumlwt8zpmN5ECgjlJS4A,http://www.youtube.com/channel/UC7eumlwt8zpmN5ECgjlJS4A,Tommy Richman
UC7gJMcfJ2NAcmUBjAfrZpyA,http://www.youtube.com/channel/UC7gJMcfJ2NAcmUBjAfrZpyA,Saelrum_
UC7gy565bTIIpQ1IJqzePZBQ,http://www.youtube.com/channel/UC7gy565bTIIpQ1IJqzePZBQ,Spine_apples
UC7hqj87fZ-ONRh5eFaxP5xw,http://www.youtube.com/channel/UC7hqj87fZ-ONRh5eFaxP5xw,Super & Blank
UC7osisMWfN0ZOrY7qeuVwBQ,http://www.youtube.com/channel/UC7osisMWfN0ZOrY7qeuVwBQ,Willow412
UC7t2GoFvc1jwp_NdprcecgQ,http://www.youtube.com/channel/UC7t2GoFvc1jwp_NdprcecgQ,Hyourinjutsu
UC7t7ofQguhEb0_guCN040og,http://www.youtube.com/channel/UC7t7ofQguhEb0_guCN040og,iMineCrazy
UC7yebEQ2Q8g1ITBAeIGVhvQ,http://www.youtube.com/channel/UC7yebEQ2Q8g1ITBAeIGVhvQ,Gojira157
UC7zMSAY54zS9QMdyKrPE8Pw,http://www.youtube.com/channel/UC7zMSAY54zS9QMdyKrPE8Pw,Banni Park
UC8-ISrQmHLjoZHNffuGXpSA,http://www.youtube.com/channel/UC8-ISrQmHLjoZHNffuGXpSA,the wise  
UC8-P63-J6DhWzj9dwFemKcw,http://www.youtube.com/channel/UC8-P63-J6DhWzj9dwFemKcw,Redditor
UC83aVV53W2TzlpqGZYFqeZA,http://www.youtube.com/channel/UC83aVV53W2TzlpqGZYFqeZA,Wand of Sparking
UC84Cz2Z1wMjcwU2JDFj5DRg,http://www.youtube.com/channel/UC84Cz2Z1wMjcwU2JDFj5DRg,Vitality
UC87e2oXIa2T4zW8aVz0_ntw,http://www.youtube.com/channel/UC87e2oXIa2T4zW8aVz0_ntw,Everything In a nutshell
UC8D18HOUXhSFR85_ZI6AeYA,http://www.youtube.com/channel/UC8D18HOUXhSFR85_ZI6AeYA,Crater Glow
UC8DBdOsq1zu-PbKHG8kNV0g,http://www.youtube.com/channel/UC8DBdOsq1zu-PbKHG8kNV0g,Pillow
UC8DgH-C1Pw8ATIwDsH3fNOA,http://www.youtube.com/channel/UC8DgH-C1Pw8ATIwDsH3fNOA,Cave
UC8Du0rASQFHx7CxziS4OuIA,http://www.youtube.com/channel/UC8Du0rASQFHx7CxziS4OuIA,TK from Ling tosite sigure - Topic
UC8H0nNZJfP4zYpuvdl_4AeA,http://www.youtube.com/channel/UC8H0nNZJfP4zYpuvdl_4AeA,RetroSpecter
UC8KjLvvlwzGCVgwXN1JuZMQ,http://www.youtube.com/channel/UC8KjLvvlwzGCVgwXN1JuZMQ,SCOPE
UC8OcEsVYxdESMxJhQSQ09wQ,http://www.youtube.com/channel/UC8OcEsVYxdESMxJhQSQ09wQ,OverlordDio
UC8OwWwZf0BxkcYEYDMTLh8Q,http://www.youtube.com/channel/UC8OwWwZf0BxkcYEYDMTLh8Q,ShozDingle
UC8SScGNpweZmFg6VFP2lXyw,http://www.youtube.com/channel/UC8SScGNpweZmFg6VFP2lXyw,Thai McGrath Anime Music
UC8SWwDjjUYcW17PzheUfo4Q,http://www.youtube.com/channel/UC8SWwDjjUYcW17PzheUfo4Q,ecquin
UC8SyU1njqFpnd2Dff33ax2w,http://www.youtube.com/channel/UC8SyU1njqFpnd2Dff33ax2w,Ruben Rhubarb
UC8X4WT5_lUXqMjeN8bGFk9w,http://www.youtube.com/channel/UC8X4WT5_lUXqMjeN8bGFk9w,Kane Pixels
UC8b3Aqk-hfzwvNbErBtWPBw,http://www.youtube.com/channel/UC8b3Aqk-hfzwvNbErBtWPBw,Carthu
UC8butISFwT-Wl7EV0hUK0BQ,http://www.youtube.com/channel/UC8butISFwT-Wl7EV0hUK0BQ,freeCodeCamp.org
UC8gqbrQsyc5Jr-cCua7_stg,http://www.youtube.com/channel/UC8gqbrQsyc5Jr-cCua7_stg,MoldyBagel
UC8kCtPyCPg50n3XjmjRraGw,http://www.youtube.com/channel/UC8kCtPyCPg50n3XjmjRraGw,Lythero
UC8l2UOKMvMv1owpkcM3bBwA,http://www.youtube.com/channel/UC8l2UOKMvMv1owpkcM3bBwA,Calculator Tunes
UC8la7A9jvlXHVAMWDLaqM9w,http://www.youtube.com/channel/UC8la7A9jvlXHVAMWDLaqM9w,V1Kashi
UC8udQVPipZYeG4GFPrFEPzg,http://www.youtube.com/channel/UC8udQVPipZYeG4GFPrFEPzg,SmugStick
UC8wQcAYnFcNYOwEgzyqlnOw,http://www.youtube.com/channel/UC8wQcAYnFcNYOwEgzyqlnOw,Charisma Entertainer
UC8yBXT93RjSyuju2hTVubvA,http://www.youtube.com/channel/UC8yBXT93RjSyuju2hTVubvA,yowen._
UC9-HLSGiwxVw6cykXKvYjig,http://www.youtube.com/channel/UC9-HLSGiwxVw6cykXKvYjig,CosmicMashups
UC90yjMp6aeAOy1BdWQR6Szw,http://www.youtube.com/channel/UC90yjMp6aeAOy1BdWQR6Szw,The Noble Demon
UC92GwGEXRT-qImPIAyVxiQQ,http://www.youtube.com/channel/UC92GwGEXRT-qImPIAyVxiQQ,Tantris Humble
UC93uzbi4JIJwO71dB1wlC-A,http://www.youtube.com/channel/UC93uzbi4JIJwO71dB1wlC-A,mihoi miboi
UC96SmDPUjz-QvdOyb_JOJPg,http://www.youtube.com/channel/UC96SmDPUjz-QvdOyb_JOJPg,Lachy White 
UC97M90UHlNm5HkOV6hay1jQ,http://www.youtube.com/channel/UC97M90UHlNm5HkOV6hay1jQ,Damien Lee
UC97z29pMz1WccF95Bg0r2Dw,http://www.youtube.com/channel/UC97z29pMz1WccF95Bg0r2Dw,EGFLyrics_
UC9FkeEFIGd9FXRfxpTltXYA,http://www.youtube.com/channel/UC9FkeEFIGd9FXRfxpTltXYA,Luke TheNotable
UC9M2ObYbIN4Ef9H8cXeE66Q,http://www.youtube.com/channel/UC9M2ObYbIN4Ef9H8cXeE66Q,Don Townsend
UC9OZkS1Mhl5UvKSiPrYqsxg,http://www.youtube.com/channel/UC9OZkS1Mhl5UvKSiPrYqsxg,WolfeyVGC
UC9OmOMZS6rU0_jIdZOxSHxw,http://www.youtube.com/channel/UC9OmOMZS6rU0_jIdZOxSHxw,Daily Silksong News
UC9S1Ic0PLAU_Z1qqt5XLjFw,http://www.youtube.com/channel/UC9S1Ic0PLAU_Z1qqt5XLjFw,RuffSenpai
UC9UKPs9ZisfhMJdalnETLRg,http://www.youtube.com/channel/UC9UKPs9ZisfhMJdalnETLRg,AZALI
UC9WUitl_QO-Y9hncPKxq-OA,http://www.youtube.com/channel/UC9WUitl_QO-Y9hncPKxq-OA,DapperDarius
UC9YmkPKtuZi51hFLaOon1sw,http://www.youtube.com/channel/UC9YmkPKtuZi51hFLaOon1sw,Timothy Dew
UC9_pETftZW4u6mlFyjBEMkQ,http://www.youtube.com/channel/UC9_pETftZW4u6mlFyjBEMkQ,Those People's Paradise
UC9aeE10FyO10seUuoNgaUrQ,http://www.youtube.com/channel/UC9aeE10FyO10seUuoNgaUrQ,rㅤuㅤbㅤy
UC9ecwl3FTG66jIKA9JRDtmg,http://www.youtube.com/channel/UC9ecwl3FTG66jIKA9JRDtmg,SiIvaGunner
UC9jf-AE6P4t0s84JUmsk0bQ,http://www.youtube.com/channel/UC9jf-AE6P4t0s84JUmsk0bQ,Ad V8
UC9p_P9S2JR2o2lITglUi95w,http://www.youtube.com/channel/UC9p_P9S2JR2o2lITglUi95w,KeripiK
UCA2mfoJ4oj-4-Q9APUBjvbw,http://www.youtube.com/channel/UCA2mfoJ4oj-4-Q9APUBjvbw,InfiniteSanity
UCA65w5jW7mfAcMYfJFMujkg,http://www.youtube.com/channel/UCA65w5jW7mfAcMYfJFMujkg,SuperDuperWafflez
UCA8QIL-X8b8FK9qdF6LgegQ,http://www.youtube.com/channel/UCA8QIL-X8b8FK9qdF6LgegQ,Idle Music
UCA8WXl7HpoCY3ZYQeTjicMw,http://www.youtube.com/channel/UCA8WXl7HpoCY3ZYQeTjicMw,SilentManJoe
UCA9rhAKq42WvxBvPVSQoC7A,http://www.youtube.com/channel/UCA9rhAKq42WvxBvPVSQoC7A,Saint Dicc
UCABoNST3r29J84sDG0x_OKQ,http://www.youtube.com/channel/UCABoNST3r29J84sDG0x_OKQ,No Operator
UCAE0K958lyulp2SetpexOTA,http://www.youtube.com/channel/UCAE0K958lyulp2SetpexOTA,fazomadeabanger*
UCAHPCNxU4A-TUV-lnu7u4tA,http://www.youtube.com/channel/UCAHPCNxU4A-TUV-lnu7u4tA,adrisaurus
UCAKlU9ze5iPWmlnpqH8Wj6A,http://www.youtube.com/channel/UCAKlU9ze5iPWmlnpqH8Wj6A,rrrr
UCALY71stxLavm5QU68326wg,http://www.youtube.com/channel/UCALY71stxLavm5QU68326wg,Dokkan Memes
UCAPSbji97w7sTw2aFe53LhA,http://www.youtube.com/channel/UCAPSbji97w7sTw2aFe53LhA,Giga Cheddar
UCAU0ruondDBcUL_DVDV9UFA,http://www.youtube.com/channel/UCAU0ruondDBcUL_DVDV9UFA,BruhSalino
UCAVKuhZ5Og4O86jkgUgUcyg,http://www.youtube.com/channel/UCAVKuhZ5Og4O86jkgUgUcyg,Moxie Boosted
UCAYP3fJ8zYa5ieaekR8cjOg,http://www.youtube.com/channel/UCAYP3fJ8zYa5ieaekR8cjOg,MattyyyM
UCAYsUmlqCFxxX4YEwkqtU2w,http://www.youtube.com/channel/UCAYsUmlqCFxxX4YEwkqtU2w,irregular.
UCAZtC3nKx-BGomyQz0Vhh3Q,http://www.youtube.com/channel/UCAZtC3nKx-BGomyQz0Vhh3Q,Nothing But Thieves
UCAaegDUlb7doIKo0Rc1F08g,http://www.youtube.com/channel/UCAaegDUlb7doIKo0Rc1F08g,GTLive
UCAdIbTiLbkFlp5lVlkf3zYQ,http://www.youtube.com/channel/UCAdIbTiLbkFlp5lVlkf3zYQ,ProYasuoo
UCAdQ-eQtOGD8XMjE6SnDJ1g,http://www.youtube.com/channel/UCAdQ-eQtOGD8XMjE6SnDJ1g,CloudyCrow
UCAgsN_AuURDEtEXTTonvlnA,http://www.youtube.com/channel/UCAgsN_AuURDEtEXTTonvlnA,aster
UCAhB8G-BFYiBBDZLP86brPg,http://www.youtube.com/channel/UCAhB8G-BFYiBBDZLP86brPg,XenoversePalace
UCAjgxh6TBT_mKBjKGDC6g_Q,http://www.youtube.com/channel/UCAjgxh6TBT_mKBjKGDC6g_Q,Jaicemations
UCAjzVWY-k5nSPvmECH7Sz6A,http://www.youtube.com/channel/UCAjzVWY-k5nSPvmECH7Sz6A,noah
UCArSF7z5okmNrOnnqcbAa2g,http://www.youtube.com/channel/UCArSF7z5okmNrOnnqcbAa2g,Xickel
UCAt5IBMJ3xKrazUA3kWqoSg,http://www.youtube.com/channel/UCAt5IBMJ3xKrazUA3kWqoSg,Ghostface Playa
UCAtYkwdhJ5o32z7gS-ef5vg,http://www.youtube.com/channel/UCAtYkwdhJ5o32z7gS-ef5vg,TommyNFG
UCAuPPH_aAJmzDNXaNswDL8w,http://www.youtube.com/channel/UCAuPPH_aAJmzDNXaNswDL8w,Sando Karneh
UCAv-j7ag7xfpjpZd7P65RDA,http://www.youtube.com/channel/UCAv-j7ag7xfpjpZd7P65RDA,Didoux Prod.
UCAxylzB43zb-5vESDQv9QxQ,http://www.youtube.com/channel/UCAxylzB43zb-5vESDQv9QxQ,The Comet Is Coming
UCAzQrtuCZiggl22yIofGr0w,http://www.youtube.com/channel/UCAzQrtuCZiggl22yIofGr0w,Cinnamon Jpeg
UCB1zMASLbKAfTbW2VOlK7Sg,http://www.youtube.com/channel/UCB1zMASLbKAfTbW2VOlK7Sg,TheSavageDude
UCB3ZZbDURO-cSaY4sv07Pbg,http://www.youtube.com/channel/UCB3ZZbDURO-cSaY4sv07Pbg,Basscannon90
UCB4WnO_ELLYdSBxiFn3Wn1A,http://www.youtube.com/channel/UCB4WnO_ELLYdSBxiFn3Wn1A,Matthew Shezmen
UCB9_VH_CNbbH4GfKu8qh63w,http://www.youtube.com/channel/UCB9_VH_CNbbH4GfKu8qh63w,DEATH BATTLE!
UCBC4iTC4yUsN_gJpcuBGslg,http://www.youtube.com/channel/UCBC4iTC4yUsN_gJpcuBGslg,Aqua Sloth
UCBEtZVksBmO2TKig5_N7QGQ,http://www.youtube.com/channel/UCBEtZVksBmO2TKig5_N7QGQ,MugiMikey
UCBIS7NFHAixl9qM_td0oVTg,http://www.youtube.com/channel/UCBIS7NFHAixl9qM_td0oVTg,DIMO
UCBIY7QfSZrbiTSlYHIu33Bg,http://www.youtube.com/channel/UCBIY7QfSZrbiTSlYHIu33Bg,CyYu Music (We.B)
UCBKynxSBm2CtiFy3epXe0Rg,http://www.youtube.com/channel/UCBKynxSBm2CtiFy3epXe0Rg,Clovis Reyes
UCBNA43Ppw3sCUbq-x2SvP8g,http://www.youtube.com/channel/UCBNA43Ppw3sCUbq-x2SvP8g,Georgia Dow
UCBODyKF0JMbUd6D9Bklyzbw,http://www.youtube.com/channel/UCBODyKF0JMbUd6D9Bklyzbw,Jacob Alpharad
UCBPl7il8vr8krrI0ugYwtoA,http://www.youtube.com/channel/UCBPl7il8vr8krrI0ugYwtoA,Sonikku TSK
UCBRfJwPjMwlUYihECoa9ihQ,http://www.youtube.com/channel/UCBRfJwPjMwlUYihECoa9ihQ,Starlit Cafe
UCBX9GeRmRC5Ih0Ogi_3aMhw,http://www.youtube.com/channel/UCBX9GeRmRC5Ih0Ogi_3aMhw,Careless Vibez
UCB_CCSAGP_YCuR36_w2bG1w,http://www.youtube.com/channel/UCB_CCSAGP_YCuR36_w2bG1w,Greg Renko
UCBaq6AK1UdEv0CitcN7b8gg,http://www.youtube.com/channel/UCBaq6AK1UdEv0CitcN7b8gg,RikudouFox
UCBbdKhTN2Q-W20Dq1XvNX8Q,http://www.youtube.com/channel/UCBbdKhTN2Q-W20Dq1XvNX8Q,Lupasan
UCBcDGT8rR0gwtZ7TvZfy-wQ,http://www.youtube.com/channel/UCBcDGT8rR0gwtZ7TvZfy-wQ,faroh reacts
UCBdvHVy_gEjyfb0-vcvxqow,http://www.youtube.com/channel/UCBdvHVy_gEjyfb0-vcvxqow,Pofiyuz
UCBlc9bGMNrHguFhNzuLmYkA,http://www.youtube.com/channel/UCBlc9bGMNrHguFhNzuLmYkA,Pugglebug
UCBs2Y3i14e1NWQxOGliatmg,http://www.youtube.com/channel/UCBs2Y3i14e1NWQxOGliatmg,Mother's Basement
UCBv5tYsc0zm7RCum-umdIBA,http://www.youtube.com/channel/UCBv5tYsc0zm7RCum-umdIBA,X Ambassadors
UCBwcEHhxuoivgUsUj2fRUDQ,http://www.youtube.com/channel/UCBwcEHhxuoivgUsUj2fRUDQ,Arvelonis
UCC1p8piMqXKoUGosm8YeGuA,http://www.youtube.com/channel/UCC1p8piMqXKoUGosm8YeGuA,CodeNoodles
UCC2lbKruS3-22iTD_1fe_MQ,http://www.youtube.com/channel/UCC2lbKruS3-22iTD_1fe_MQ,NXCRE
UCC8hYLOYmsMR_GMEtfCSWXA,http://www.youtube.com/channel/UCC8hYLOYmsMR_GMEtfCSWXA,vaire.
UCC9GMoZSquz4vgSqGyK4iPA,http://www.youtube.com/channel/UCC9GMoZSquz4vgSqGyK4iPA,Eternal Raijin
UCCE5NVlm0FhbunMMBT48WAw,http://www.youtube.com/channel/UCCE5NVlm0FhbunMMBT48WAw,Fundy
UCCFojyUl6NkLz4u8RQNVPow,http://www.youtube.com/channel/UCCFojyUl6NkLz4u8RQNVPow,NCHProductions
UCCHruaQlOKPHTl8iOPGDjFg,http://www.youtube.com/channel/UCCHruaQlOKPHTl8iOPGDjFg,SnapCube 2
UCCIwBjkmHagBindmrLb5c5A,http://www.youtube.com/channel/UCCIwBjkmHagBindmrLb5c5A,Laff
UCCK7_HdCFAKTNBwh5KRAscA,http://www.youtube.com/channel/UCCK7_HdCFAKTNBwh5KRAscA,Hopeless Core
UCCOSYITWQHRSUxvlQ4_PSCg,http://www.youtube.com/channel/UCCOSYITWQHRSUxvlQ4_PSCg,Sonic the Hedgehog
UCCQ23dG9giPJ1y7vxPmGCdA,http://www.youtube.com/channel/UCCQ23dG9giPJ1y7vxPmGCdA,Yan Xio
UCCQEbqDL8i40d83Au55lYMQ,http://www.youtube.com/channel/UCCQEbqDL8i40d83Au55lYMQ,Jacob Clifford
UCCUbzZMxsERqfCyd3Yntuug,http://www.youtube.com/channel/UCCUbzZMxsERqfCyd3Yntuug,Mantlion
UCCVgAaZf09o1Pt6xKTG534w,http://www.youtube.com/channel/UCCVgAaZf09o1Pt6xKTG534w,Tako Balls
UCC_nn4TlgMKp2li_kvUcWsg,http://www.youtube.com/channel/UCC_nn4TlgMKp2li_kvUcWsg,MIYAVI
UCCezIgC97PvUuR4_gbFUs5g,http://www.youtube.com/channel/UCCezIgC97PvUuR4_gbFUs5g,Corey Schafer
UCCg4X0MR1cTRSZy1NJGCQDg,http://www.youtube.com/channel/UCCg4X0MR1cTRSZy1NJGCQDg,Adam Asenko
UCCgxK5o7TJflCFwfEVgIL6g,http://www.youtube.com/channel/UCCgxK5o7TJflCFwfEVgIL6g,AsarathaHS
UCChjCgonFXBb1ptrhdvlbnA,http://www.youtube.com/channel/UCChjCgonFXBb1ptrhdvlbnA,Moonlit Butterfly
UCClI8F-nhKFE6Iy3SwSUe_g,http://www.youtube.com/channel/UCClI8F-nhKFE6Iy3SwSUe_g,ODAWG
UCCuIerHugaR-722jtwoTgQg,http://www.youtube.com/channel/UCCuIerHugaR-722jtwoTgQg,M studio
UCCvPHjFCkH2SUXd5B2JsjjA,http://www.youtube.com/channel/UCCvPHjFCkH2SUXd5B2JsjjA,VILX
UCD4tmBmqbUOGQNlsWpg3f7g,http://www.youtube.com/channel/UCD4tmBmqbUOGQNlsWpg3f7g,MistareFusion
UCD8CQo60qQ9u7eGsyPsTYBA,http://www.youtube.com/channel/UCD8CQo60qQ9u7eGsyPsTYBA,RiptideDev
UCD9XtbSWpZx8RFV66fl79_g,http://www.youtube.com/channel/UCD9XtbSWpZx8RFV66fl79_g,Deevchik
UCDCl90INID63GHnCkSxSvPQ,http://www.youtube.com/channel/UCDCl90INID63GHnCkSxSvPQ,Bane'Studio
UCDGbmCxt2CEZAsDh1CiWXsQ,http://www.youtube.com/channel/UCDGbmCxt2CEZAsDh1CiWXsQ,False Swipe Gaming
UCDHlYBkTex1dyLUaOSkD0jA,http://www.youtube.com/channel/UCDHlYBkTex1dyLUaOSkD0jA,SrLevi
UCDLk9X7V0T4t731oke1IU3Q,http://www.youtube.com/channel/UCDLk9X7V0T4t731oke1IU3Q,KaggyFilms (Alejandro Saab)
UCDSJCDm3uRBW43HZl27IvEQ,http://www.youtube.com/channel/UCDSJCDm3uRBW43HZl27IvEQ,Jay D. Legend
UCDSNqylVylzIoc6i6MFLd-g,http://www.youtube.com/channel/UCDSNqylVylzIoc6i6MFLd-g,Eustass
UCDTJWXHTYwZSN4T-xHwlJxQ,http://www.youtube.com/channel/UCDTJWXHTYwZSN4T-xHwlJxQ,Elvenlord
UCDTfibJPnxyb6wAZep7Z-hA,http://www.youtube.com/channel/UCDTfibJPnxyb6wAZep7Z-hA,bran
UCDUpJh1Ek3plo34sGriwe-w,http://www.youtube.com/channel/UCDUpJh1Ek3plo34sGriwe-w,Let me solo her
UCDVQEG63ysfB9S-M0X4HV8A,http://www.youtube.com/channel/UCDVQEG63ysfB9S-M0X4HV8A,DN The Yapper
UCDVzv2EXv-TX1Jeuv7iIIRw,http://www.youtube.com/channel/UCDVzv2EXv-TX1Jeuv7iIIRw,Kwote
UCDXcIBUnmKCjhMOuULn5VMw,http://www.youtube.com/channel/UCDXcIBUnmKCjhMOuULn5VMw,Just Tamaki
UCDZH6sjXpWd1k9kJyXJZn9g,http://www.youtube.com/channel/UCDZH6sjXpWd1k9kJyXJZn9g,Cj Dachamp
UCDeP2DgFRO7ej9Nn8rQGaRQ,http://www.youtube.com/channel/UCDeP2DgFRO7ej9Nn8rQGaRQ,SunnyCrew
UCDfYcuNw-ff952Xn0VDWwDw,http://www.youtube.com/channel/UCDfYcuNw-ff952Xn0VDWwDw,Dawko
UCDgKApL6eIIpW8V0cfS8u3Q,http://www.youtube.com/channel/UCDgKApL6eIIpW8V0cfS8u3Q,MAD_BOT
UCDjNm08GNQ3zCt0VWo6s_-Q,http://www.youtube.com/channel/UCDjNm08GNQ3zCt0VWo6s_-Q,VonDaNyom
UCDlP9jgPzVMNdWhgnCs6W4w,http://www.youtube.com/channel/UCDlP9jgPzVMNdWhgnCs6W4w,Jeff Zhang
UCDseTJvCfJj5Bh_KdZSIbbw,http://www.youtube.com/channel/UCDseTJvCfJj5Bh_KdZSIbbw,Andrew Breen
UCDv4iumn8rHhv_etspfYQZA,http://www.youtube.com/channel/UCDv4iumn8rHhv_etspfYQZA,Jakez123
UCE3lKZgADJlw8mwkA3luV0Q,http://www.youtube.com/channel/UCE3lKZgADJlw8mwkA3luV0Q,Yumeo
UCE4V6kFbDESXzmb8QZSEHdw,http://www.youtube.com/channel/UCE4V6kFbDESXzmb8QZSEHdw,Alex Wilson
UCE4ZOE0x99_aPsjwg8RR3zA,http://www.youtube.com/channel/UCE4ZOE0x99_aPsjwg8RR3zA,ScrewStache
UCE4_KtRl68gwoH8zdL7_hTw,http://www.youtube.com/channel/UCE4_KtRl68gwoH8zdL7_hTw,RG33
UCE5AxObu74HgVZbPeAtAd8A,http://www.youtube.com/channel/UCE5AxObu74HgVZbPeAtAd8A,Haeya
UCEC4MGznkJXV76TI42kl1Dw,http://www.youtube.com/channel/UCEC4MGznkJXV76TI42kl1Dw,aceof_spadess
UCEHXNknwbsRu73QsakWIdzQ,http://www.youtube.com/channel/UCEHXNknwbsRu73QsakWIdzQ,The8BitDrummer
UCEKRfoZ5t1VBdWfn9k6UgXw,http://www.youtube.com/channel/UCEKRfoZ5t1VBdWfn9k6UgXw,Alex Moukala Music
UCENKoB4qzQJRhVceQ5EwYNw,http://www.youtube.com/channel/UCENKoB4qzQJRhVceQ5EwYNw,Isaax
UCENon-peUHfKVPuz9NtG11g,http://www.youtube.com/channel/UCENon-peUHfKVPuz9NtG11g,Villainous Ren
UCEO_Xu6Iy1aCdPybcW3T2Iw,http://www.youtube.com/channel/UCEO_Xu6Iy1aCdPybcW3T2Iw,Victor McKnight
UCEPIAUWnQslz6Exm4BsuijA,http://www.youtube.com/channel/UCEPIAUWnQslz6Exm4BsuijA,SONICSTA
UCER9GeL15QqWZb70FKaCdQQ,http://www.youtube.com/channel/UCER9GeL15QqWZb70FKaCdQQ,StruckByBelz
UCETqJYEne9Tks-eZYIrFZvg,http://www.youtube.com/channel/UCETqJYEne9Tks-eZYIrFZvg,oilyFoot65
UCEUPjjW3JSiEfwzCgTb9pLQ,http://www.youtube.com/channel/UCEUPjjW3JSiEfwzCgTb9pLQ,Rikleim
UCEYGHOLgKlLMDNrGCno3oJA,http://www.youtube.com/channel/UCEYGHOLgKlLMDNrGCno3oJA,fireb0rn
UCEafHecWH6UAdV4aW_yj-IA,http://www.youtube.com/channel/UCEafHecWH6UAdV4aW_yj-IA,ThunderGod
UCEeSHOA3MP2XPSXLYZzHj4g,http://www.youtube.com/channel/UCEeSHOA3MP2XPSXLYZzHj4g,Ontopic
UCEk-p_pQvT-pKKRcIbUouhQ,http://www.youtube.com/channel/UCEk-p_pQvT-pKKRcIbUouhQ,You Will Love Economics
UCElxGBDRtMEJ-jvUe01e8LA,http://www.youtube.com/channel/UCElxGBDRtMEJ-jvUe01e8LA,kellygirlkelly
UCEo6ev6ArgfAgKFzW03Vxqw,http://www.youtube.com/channel/UCEo6ev6ArgfAgKFzW03Vxqw,Reflux
UCEpGO4cx6j0PBc5LzkmtYdw,http://www.youtube.com/channel/UCEpGO4cx6j0PBc5LzkmtYdw,G.O.T Games
UCEq_Dr1GHvnNPQNfgOzhZ8Q,http://www.youtube.com/channel/UCEq_Dr1GHvnNPQNfgOzhZ8Q,Solid jj
UCEw4taQIxQo4uFNE5xpHkOA,http://www.youtube.com/channel/UCEw4taQIxQo4uFNE5xpHkOA,Clockwork Videos
UCEzDdNqNkT-7rSfSGSr1hWg,http://www.youtube.com/channel/UCEzDdNqNkT-7rSfSGSr1hWg,Burna Boy
UCEzZi9YqGHBWK8uKBKPwOYg,http://www.youtube.com/channel/UCEzZi9YqGHBWK8uKBKPwOYg,Misc Content
UCF-42TPaKVl7e9vzgXpqBSg,http://www.youtube.com/channel/UCF-42TPaKVl7e9vzgXpqBSg,JosMos
UCF0BI9ovXrKNu-oIfDdBK2g,http://www.youtube.com/channel/UCF0BI9ovXrKNu-oIfDdBK2g,SomeAverageJo
UCF4jQBu1S8U4aX27aUfCLBg,http://www.youtube.com/channel/UCF4jQBu1S8U4aX27aUfCLBg,Chef Major
UCF5RrlbsxJjAVLWgOCoNHMg,http://www.youtube.com/channel/UCF5RrlbsxJjAVLWgOCoNHMg,Bushy
UCF9kiWj4BZsss0QfWiDqiIA,http://www.youtube.com/channel/UCF9kiWj4BZsss0QfWiDqiIA,shadow giz
UCFAiFyGs6oDiF1Nf-rRJpZA,http://www.youtube.com/channel/UCFAiFyGs6oDiF1Nf-rRJpZA,Technoblade
UCFBBFuhQc275ISHIQnkzSZg,http://www.youtube.com/channel/UCFBBFuhQc275ISHIQnkzSZg,JaxBlade
UCFBBsCZGMqVTd5lDwLEKhZA,http://www.youtube.com/channel/UCFBBsCZGMqVTd5lDwLEKhZA,Nature's Underground
UCFEnbmG0FgfkRCtOog8my_w,http://www.youtube.com/channel/UCFEnbmG0FgfkRCtOog8my_w,Allegedly Innocent 
UCFF24QMMZZm2X839CIvaRsg,http://www.youtube.com/channel/UCFF24QMMZZm2X839CIvaRsg,cxmz.
UCFGp6RhOBtxe7SiqTAVfcWA,http://www.youtube.com/channel/UCFGp6RhOBtxe7SiqTAVfcWA,Cara & Prez Reacts
UCFTAu2Wpv5HI4BlB5pQZN5A,http://www.youtube.com/channel/UCFTAu2Wpv5HI4BlB5pQZN5A,SayHiToYouTube / PokeTuber
UCFWik502ZpelS6bRiXFzrsA,http://www.youtube.com/channel/UCFWik502ZpelS6bRiXFzrsA,Mugiwara No Goofy
UCFZg_c4giewxFE6k2lNM-5Q,http://www.youtube.com/channel/UCFZg_c4giewxFE6k2lNM-5Q,Toni Wolff
UCFb3vluj_GE_gHbmgtd0V7Q,http://www.youtube.com/channel/UCFb3vluj_GE_gHbmgtd0V7Q,Jay D. TV
UCFbtcTaMFnOAP0pFO1L8hVw,http://www.youtube.com/channel/UCFbtcTaMFnOAP0pFO1L8hVw,Kyle Hill
UCFctpiB_Hnlk3ejWfHqSm6Q,http://www.youtube.com/channel/UCFctpiB_Hnlk3ejWfHqSm6Q,The Official Pokémon YouTube channel
UCFeAvEB-4U2uRonwWkXQrCQ,http://www.youtube.com/channel/UCFeAvEB-4U2uRonwWkXQrCQ,Narutee 
UCFh9IpdGvHEhqXrFjvQ0rsA,http://www.youtube.com/channel/UCFh9IpdGvHEhqXrFjvQ0rsA,KAYTHEWAVE
UCFl7yKfcRcFmIUbKeCA-SJQ,http://www.youtube.com/channel/UCFl7yKfcRcFmIUbKeCA-SJQ,Joji
UCFqsCU0ps76tsqEX31WEPrw,http://www.youtube.com/channel/UCFqsCU0ps76tsqEX31WEPrw,John Carper
UCFysI6mtZ5xBMEqTjUo5DuQ,http://www.youtube.com/channel/UCFysI6mtZ5xBMEqTjUo5DuQ,Ratatoskr
UCFzpLhfgdPPVJ_7YrVO-GSw,http://www.youtube.com/channel/UCFzpLhfgdPPVJ_7YrVO-GSw,Dad
UCG0JG8eIsGi8Xggwu7AwY8g,http://www.youtube.com/channel/UCG0JG8eIsGi8Xggwu7AwY8g,Dad’s Last Nerve
UCG0JjC58DymfTH2rWh-J25A,http://www.youtube.com/channel/UCG0JjC58DymfTH2rWh-J25A,WellYeah
UCG6zBb8GZKo1XZW4eHdg-0Q,http://www.youtube.com/channel/UCG6zBb8GZKo1XZW4eHdg-0Q,PointCrow
UCG8R0ZMHBkRzBT1DWK9wT5w,http://www.youtube.com/channel/UCG8R0ZMHBkRzBT1DWK9wT5w,Joey Bada$$
UCG98ruDeyp55THxbpBCIv3g,http://www.youtube.com/channel/UCG98ruDeyp55THxbpBCIv3g,Duolingo
UCGIY_O-8vW4rfX98KlMkvRg,http://www.youtube.com/channel/UCGIY_O-8vW4rfX98KlMkvRg,Nintendo of America
UCGTmi9qEdJbxYOFtsypkWIQ,http://www.youtube.com/channel/UCGTmi9qEdJbxYOFtsypkWIQ,jeremyjankles
UCGW9i3kRpCilZhxH1nvvEbQ,http://www.youtube.com/channel/UCGW9i3kRpCilZhxH1nvvEbQ,Animezing Person
UCGYq8c461bi9KYUanMSQUJQ,http://www.youtube.com/channel/UCGYq8c461bi9KYUanMSQUJQ,Chainsaw Man Music Collection
UCG_t-6KGnFLR1EhdhLLdHMA,http://www.youtube.com/channel/UCG_t-6KGnFLR1EhdhLLdHMA,CAFUNÉ
UCGa1HqhGZUdYtC8qFMzVmZQ,http://www.youtube.com/channel/UCGa1HqhGZUdYtC8qFMzVmZQ,Aim for Catharsis
UCGa9YJJiR-Jec5y10GQxEPg,http://www.youtube.com/channel/UCGa9YJJiR-Jec5y10GQxEPg,Twi Shorts
UCGcjS1DkSio8pyeK7dpWzbQ,http://www.youtube.com/channel/UCGcjS1DkSio8pyeK7dpWzbQ,PBJ
UCGjv_3tbzJ8yKuvacoqmO-Q,http://www.youtube.com/channel/UCGjv_3tbzJ8yKuvacoqmO-Q,tutorialsEU
UCGwoOd0N2CEDuMwd0_9unWg,http://www.youtube.com/channel/UCGwoOd0N2CEDuMwd0_9unWg,ADTurnUp
UCH-ao1PsJNaBEpi5WjlJtlA,http://www.youtube.com/channel/UCH-ao1PsJNaBEpi5WjlJtlA,The Anime Club
UCH09O7Xp8SnwIlijQcevshg,http://www.youtube.com/channel/UCH09O7Xp8SnwIlijQcevshg,Primz
UCH2f5s9TCbxNo6VHv5JiT0g,http://www.youtube.com/channel/UCH2f5s9TCbxNo6VHv5JiT0g,Michael Angelo
UCH8jWE2DXq8RaI8SerZgJ7A,http://www.youtube.com/channel/UCH8jWE2DXq8RaI8SerZgJ7A,Kendipity.
UCHAI-QPEA_ueMOJKTNGjDwA,http://www.youtube.com/channel/UCHAI-QPEA_ueMOJKTNGjDwA,OMARU ANIMATIONS 
UCHAPtn7QRHQFaDK2j9kQ2kQ,http://www.youtube.com/channel/UCHAPtn7QRHQFaDK2j9kQ2kQ,Coma70se EX
UCHAW1Hq8sByRZMNggBIA_fg,http://www.youtube.com/channel/UCHAW1Hq8sByRZMNggBIA_fg,Coperime
UCHD254yOjeehkeRwyG0NqrA,http://www.youtube.com/channel/UCHD254yOjeehkeRwyG0NqrA,Imrtz
UCHD9ZH6bTq17tCP-YJ7R9yw,http://www.youtube.com/channel/UCHD9ZH6bTq17tCP-YJ7R9yw,SheepNinja
UCHMWp-C-08laYGK7jwz7j8w,http://www.youtube.com/channel/UCHMWp-C-08laYGK7jwz7j8w,Blank Thoughts
UCHYoe8kQ-7Gn9ASOlmI0k6Q,http://www.youtube.com/channel/UCHYoe8kQ-7Gn9ASOlmI0k6Q,The Food Theorists
UCHcGF97GA3W3k72jangweOg,http://www.youtube.com/channel/UCHcGF97GA3W3k72jangweOg,Salmence
UCHhsGqJnyCmbO2dJsfVZK9w,http://www.youtube.com/channel/UCHhsGqJnyCmbO2dJsfVZK9w,Storm VII (Base)
UCHjnzvSP6NAecvTQ5G92n5A,http://www.youtube.com/channel/UCHjnzvSP6NAecvTQ5G92n5A,Everything Fantasy
UCHoqrziZzX6rE46oYA_tqOg,http://www.youtube.com/channel/UCHoqrziZzX6rE46oYA_tqOg,rize
UCHpA9gCEvfcn6o0N-a5Jfug,http://www.youtube.com/channel/UCHpA9gCEvfcn6o0N-a5Jfug,Sonic Forces Overclocked
UCHsLqoi00xf5mi2CEOy9ugg,http://www.youtube.com/channel/UCHsLqoi00xf5mi2CEOy9ugg,PlayaPhonk
UCHsRtomD4twRf5WVHHk-cMw,http://www.youtube.com/channel/UCHsRtomD4twRf5WVHHk-cMw,TierZoo
UCHuNfwPCyVl1BDwhGL8VbLA,http://www.youtube.com/channel/UCHuNfwPCyVl1BDwhGL8VbLA,Crowned Crow
UCHyTBRUNVsF-bhM8pnHtZfQ,http://www.youtube.com/channel/UCHyTBRUNVsF-bhM8pnHtZfQ,Izziibel
UCHyb86JZzEs41kKmqx_n1wQ,http://www.youtube.com/channel/UCHyb86JZzEs41kKmqx_n1wQ,Zephyr
UCI1XS_GkLGDOgf8YLaaXNRA,http://www.youtube.com/channel/UCI1XS_GkLGDOgf8YLaaXNRA,CalebCity
UCI5qWAMf5PHLNcM13R8pfiQ,http://www.youtube.com/channel/UCI5qWAMf5PHLNcM13R8pfiQ,Dolan Darker
UCIC1pRoGhinb2LuyeY41d4A,http://www.youtube.com/channel/UCIC1pRoGhinb2LuyeY41d4A,Marion-Kun
UCICYNmlng1nMo5LeV8cWbjg,http://www.youtube.com/channel/UCICYNmlng1nMo5LeV8cWbjg,RJ
UCIGRhqYssT6IGPYOnZBFYKw,http://www.youtube.com/channel/UCIGRhqYssT6IGPYOnZBFYKw,Mattias Pilhede
UCIMqXkAEBEXSy6Kar7tEl3w,http://www.youtube.com/channel/UCIMqXkAEBEXSy6Kar7tEl3w,Nikando
UCINLBZEFYESvy3_FZ8F2ZpA,http://www.youtube.com/channel/UCINLBZEFYESvy3_FZ8F2ZpA,Meme Asylum
UCIO4v22zWlPOhM1kTcwqikg,http://www.youtube.com/channel/UCIO4v22zWlPOhM1kTcwqikg,YUGEN // 幽玄
UCIPPMRA040LQr5QPyJEbmXA,http://www.youtube.com/channel/UCIPPMRA040LQr5QPyJEbmXA,MrBeast Gaming
UCIWWN5Z1BJo6nBLyAud9Uuw,http://www.youtube.com/channel/UCIWWN5Z1BJo6nBLyAud9Uuw,SpellCommander91
UCIZEzDNs8gvqbUMlNJIlmdg,http://www.youtube.com/channel/UCIZEzDNs8gvqbUMlNJIlmdg,jnhygs
UCI_39phihRzJz_y5ySfp9NA,http://www.youtube.com/channel/UCI_39phihRzJz_y5ySfp9NA,WorkingTitleReacts
UCIawJEHJCNr5R7ftemcrTqw,http://www.youtube.com/channel/UCIawJEHJCNr5R7ftemcrTqw,B.D.A. Law
UCIjFI5KLva7dbZkrIovJcdA,http://www.youtube.com/channel/UCIjFI5KLva7dbZkrIovJcdA,Suzels
UCIjfmC4exlmmUHpmbIc9X8g,http://www.youtube.com/channel/UCIjfmC4exlmmUHpmbIc9X8g,Nock Out 2.0
UCIkewDkWiykFW9keg70202w,http://www.youtube.com/channel/UCIkewDkWiykFW9keg70202w,Pancake Sean
UCIn1EsSr4rgSznqrKtteQgA,http://www.youtube.com/channel/UCIn1EsSr4rgSznqrKtteQgA,TheAnimeMen
UCIqr2Mn1c-W23TYblIbBYEw,http://www.youtube.com/channel/UCIqr2Mn1c-W23TYblIbBYEw,King_LAO2964
UCIw-Y1Wk4WCNa2xdndkX2CA,http://www.youtube.com/channel/UCIw-Y1Wk4WCNa2xdndkX2CA,LiarMask
UCIwdcbLlRgbQPMkhiKJm5Aw,http://www.youtube.com/channel/UCIwdcbLlRgbQPMkhiKJm5Aw,Average Ninten Guy
UCJ8v_9OCaMl_kIzftV2Xmuw,http://www.youtube.com/channel/UCJ8v_9OCaMl_kIzftV2Xmuw,Bruhly
UCJ9sur7y0ZGAu15Oe8qV8PA,http://www.youtube.com/channel/UCJ9sur7y0ZGAu15Oe8qV8PA,ian zhang
UCJCvmYoAQtIh_EsouGrsaZw,http://www.youtube.com/channel/UCJCvmYoAQtIh_EsouGrsaZw,Plus
UCJEoAN4Ojsa4q36KcvqmJUQ,http://www.youtube.com/channel/UCJEoAN4Ojsa4q36KcvqmJUQ,Trickle
UCJGZli0VhF5AwTU6YTi8OFA,http://www.youtube.com/channel/UCJGZli0VhF5AwTU6YTi8OFA,Ashley Hodgson
UCJJC6P1P6r55r-KCoaW6NYw,http://www.youtube.com/channel/UCJJC6P1P6r55r-KCoaW6NYw,バックヤードKou
UCJRaC7ZqH-yF6MidzM0aR7g,http://www.youtube.com/channel/UCJRaC7ZqH-yF6MidzM0aR7g,ANIMIXXx
UCJTWU5K7kl9EE109HBeoldA,http://www.youtube.com/channel/UCJTWU5K7kl9EE109HBeoldA,Generikb
UCJUR6woU-r6h3dOZzE4nN7A,http://www.youtube.com/channel/UCJUR6woU-r6h3dOZzE4nN7A,FilthyRamenKing
UCJZj3q_2pHasvlILdU1huHA,http://www.youtube.com/channel/UCJZj3q_2pHasvlILdU1huHA,MR. ILLUSTRATED
UCJbSzS2f7Cd7c0gWNooFJzw,http://www.youtube.com/channel/UCJbSzS2f7Cd7c0gWNooFJzw,Tycelm
UCJd7rBVZW-IVptjLceUTzrw,http://www.youtube.com/channel/UCJd7rBVZW-IVptjLceUTzrw,Sonic EXPO | Chaos Creators
UCJhV5crgdaXLIeM13qqM2jg,http://www.youtube.com/channel/UCJhV5crgdaXLIeM13qqM2jg,TGS Anime
UCJhidb_jox0JEHbWPpFgZUg,http://www.youtube.com/channel/UCJhidb_jox0JEHbWPpFgZUg,scibot9000
UCJig5ES1LvU2Q5OhmeTmWbQ,http://www.youtube.com/channel/UCJig5ES1LvU2Q5OhmeTmWbQ,TOPHSGIELA 
UCJldeFyiqK8auJYJR2LzRCQ,http://www.youtube.com/channel/UCJldeFyiqK8auJYJR2LzRCQ,Skeptic Boi
UCJr7DrVt9FEQjys6mWP8Y1w,http://www.youtube.com/channel/UCJr7DrVt9FEQjys6mWP8Y1w,Designing For
UCJrampsl9dCKn-6lAb6WtoA,http://www.youtube.com/channel/UCJrampsl9dCKn-6lAb6WtoA,liass2k
UCJslZiU2mXKMTbgxKNDntoQ,http://www.youtube.com/channel/UCJslZiU2mXKMTbgxKNDntoQ,Legacy Under
UCJsqKTZf_7nCzhtcTRYyrHg,http://www.youtube.com/channel/UCJsqKTZf_7nCzhtcTRYyrHg,ZenithAniManga
UCJze1cZJfPAw6IdJBygkaWA,http://www.youtube.com/channel/UCJze1cZJfPAw6IdJBygkaWA,E4ZYPLAYS
UCK9Hl6LXPaooxMTvsOutw3A,http://www.youtube.com/channel/UCK9Hl6LXPaooxMTvsOutw3A,GaMetal
UCKC11MOR51CLg4JpYj8jb4g,http://www.youtube.com/channel/UCKC11MOR51CLg4JpYj8jb4g,Metro Boomin
UCKEJZ-dqIA03evnzEy1_owg,http://www.youtube.com/channel/UCKEJZ-dqIA03evnzEy1_owg,Welsknight Gaming
UCKHN62wz4Ivc2XBkIaP3wSw,http://www.youtube.com/channel/UCKHN62wz4Ivc2XBkIaP3wSw,Demigah
UCKL5drYaXii9zonAjiuJfAA,http://www.youtube.com/channel/UCKL5drYaXii9zonAjiuJfAA,Ephtaro
UCK_9boRSDpcMz1vrZLb0YQA,http://www.youtube.com/channel/UCK_9boRSDpcMz1vrZLb0YQA,seasea
UCKbZ3qdrP4QPDyDGJRbsCRA,http://www.youtube.com/channel/UCKbZ3qdrP4QPDyDGJRbsCRA,RavinGeeks
UCKcxLTGo97fc5s7ZI8cdMXQ,http://www.youtube.com/channel/UCKcxLTGo97fc5s7ZI8cdMXQ,Riverdude Covers
UCKflF4jy4CHyf9fhZrSUCTg,http://www.youtube.com/channel/UCKflF4jy4CHyf9fhZrSUCTg,Tys Wrld
UCKg56S6tRC-huoeaFa35ztA,http://www.youtube.com/channel/UCKg56S6tRC-huoeaFa35ztA,Alon
UCKgObbutYFxFgh4tDQPuY6w,http://www.youtube.com/channel/UCKgObbutYFxFgh4tDQPuY6w,Ricarlo04
UCKhfT4FYxec76L511jNDnWg,http://www.youtube.com/channel/UCKhfT4FYxec76L511jNDnWg,Silent Dreams
UCKjZoVGjiPGROEK09E7IPuQ,http://www.youtube.com/channel/UCKjZoVGjiPGROEK09E7IPuQ,_edenthia
UCKnTKn9FaatR_V7TQtOul8A,http://www.youtube.com/channel/UCKnTKn9FaatR_V7TQtOul8A,King Willonius
UCKpZVLMzzIRDJH0mUB8MTxQ,http://www.youtube.com/channel/UCKpZVLMzzIRDJH0mUB8MTxQ,maple in motion
UCKqu51b2DmXpedGQgj_odSw,http://www.youtube.com/channel/UCKqu51b2DmXpedGQgj_odSw,Spartnfish
UCKuVle0a-xqvKwPrfAKKmPg,http://www.youtube.com/channel/UCKuVle0a-xqvKwPrfAKKmPg,クロノ【MAD】
UCKv8Rrrdc9oxLJmdHItafLA,http://www.youtube.com/channel/UCKv8Rrrdc9oxLJmdHItafLA,ManlyBadassHero
UCKz5ehRhhI93NPkvH7bNPzg,http://www.youtube.com/channel/UCKz5ehRhhI93NPkvH7bNPzg,Prince Vegeta
UCL-Tm21Rft-u6EI18n0EN2w,http://www.youtube.com/channel/UCL-Tm21Rft-u6EI18n0EN2w,Rusty.
UCL2x52YA8rFLc-NKgQfMf1Q,http://www.youtube.com/channel/UCL2x52YA8rFLc-NKgQfMf1Q,HXI
UCL3-PCsNfDK2rIj96rx-wlg,http://www.youtube.com/channel/UCL3-PCsNfDK2rIj96rx-wlg,Outlaw Truth 
UCL6eyRegOUQdBoUuMZSb_mQ,http://www.youtube.com/channel/UCL6eyRegOUQdBoUuMZSb_mQ,Echidnut
UCL7VWouPxeRU5XGcRdnMU9w,http://www.youtube.com/channel/UCL7VWouPxeRU5XGcRdnMU9w,Lonely's archives
UCLDlu3PtMbFkgQSI4WxMrIQ,http://www.youtube.com/channel/UCLDlu3PtMbFkgQSI4WxMrIQ,Zypher
UCLFXk9J3O-hhOk0msOjKYdQ,http://www.youtube.com/channel/UCLFXk9J3O-hhOk0msOjKYdQ,TerminalMontage
UCLGD8D8ZW1w1LoGzKU8CHYQ,http://www.youtube.com/channel/UCLGD8D8ZW1w1LoGzKU8CHYQ,Jam Atienza Maynigo
UCLIqY1grMspWkvkQ0pO16-Q,http://www.youtube.com/channel/UCLIqY1grMspWkvkQ0pO16-Q,dpYGO (Yu-Gi-Oh!)
UCLKkPZZ-LW1_DHCP_5ADtxg,http://www.youtube.com/channel/UCLKkPZZ-LW1_DHCP_5ADtxg,MasakoX
UCLQ3nq24QQSsMHKodQbX2FQ,http://www.youtube.com/channel/UCLQ3nq24QQSsMHKodQbX2FQ,EX Falchion
UCLUjC8g0nZ2aNT6tzPVKFZQ,http://www.youtube.com/channel/UCLUjC8g0nZ2aNT6tzPVKFZQ,Avent
UCLWYAEgjTvcPFoqq3jLBYNw,http://www.youtube.com/channel/UCLWYAEgjTvcPFoqq3jLBYNw,KOHCOZ 
UCL_oKJrJsH3c-N5xixPrP3w,http://www.youtube.com/channel/UCL_oKJrJsH3c-N5xixPrP3w,Rifti Beats
UCLbCduuw9doyXwdQIyOJCiQ,http://www.youtube.com/channel/UCLbCduuw9doyXwdQIyOJCiQ,Ayo Oddwin!
UCLfwTbGd0kHtfFET3nWVi3A,http://www.youtube.com/channel/UCLfwTbGd0kHtfFET3nWVi3A,Friezangle
UCLhqPSX_SY5zOOKJyGe-Vwg,http://www.youtube.com/channel/UCLhqPSX_SY5zOOKJyGe-Vwg,KURO7
UCLhu4XvtNxvF5WFXbxKKYNg,http://www.youtube.com/channel/UCLhu4XvtNxvF5WFXbxKKYNg,Soraソラ
UCLij5aJi8t8RVBVuxq7Wupw,http://www.youtube.com/channel/UCLij5aJi8t8RVBVuxq7Wupw,akiaura
UCLlCo8FqJBnkmn29cCLzZZg,http://www.youtube.com/channel/UCLlCo8FqJBnkmn29cCLzZZg,Yxng Dman 2
UCLnoJpcxAL1j82XbeCok_fw,http://www.youtube.com/channel/UCLnoJpcxAL1j82XbeCok_fw,RiazorMC
UCLr_rZF_7zzBsSVLgU9pUXg,http://www.youtube.com/channel/UCLr_rZF_7zzBsSVLgU9pUXg,AutoSave 
UCLunQSHE-MvzDyY4oVwlM2g,http://www.youtube.com/channel/UCLunQSHE-MvzDyY4oVwlM2g,Chlorophyte Shotbow
UCLzRTD8GVK3Ha4OCr7BHgIQ,http://www.youtube.com/channel/UCLzRTD8GVK3Ha4OCr7BHgIQ,UCLzRTD8GVK3Ha4OCr7BHgIQ
UCM4sqhX_r9WcwKtqHtJcYiQ,http://www.youtube.com/channel/UCM4sqhX_r9WcwKtqHtJcYiQ,Atlas Benighted
UCM5XAKMOibOADjmhLaxO2zQ,http://www.youtube.com/channel/UCM5XAKMOibOADjmhLaxO2zQ,FLEXIEJAYANIME
UCMASTPcBO0OeVeKDX7CgeZQ,http://www.youtube.com/channel/UCMASTPcBO0OeVeKDX7CgeZQ,Damon: What if?
UCMBuM7dJzt4DyuQv6LgmIXA,http://www.youtube.com/channel/UCMBuM7dJzt4DyuQv6LgmIXA,Top 10 Videos
UCMEe2aXqSxWjfuq8Xfu3Q1Q,http://www.youtube.com/channel/UCMEe2aXqSxWjfuq8Xfu3Q1Q,Arts yogee
UCMHB1SkkBwy749fyDCdZc5w,http://www.youtube.com/channel/UCMHB1SkkBwy749fyDCdZc5w,Aliedits
UCMHQFCkfzATIUIL_rdTwaow,http://www.youtube.com/channel/UCMHQFCkfzATIUIL_rdTwaow,Volume One Podcast
UCMJx3rkWtHy8u7XHS9EEn9g,http://www.youtube.com/channel/UCMJx3rkWtHy8u7XHS9EEn9g,Johann JEG
UCMNALX_zB1HXV4rd4jZoQBA,http://www.youtube.com/channel/UCMNALX_zB1HXV4rd4jZoQBA,mean velvet
UCMUpMd1s8N4m5nVAGmTP6iw,http://www.youtube.com/channel/UCMUpMd1s8N4m5nVAGmTP6iw,Jorary209 Music
UCMXcG1CKg4JgeZI6-h_40qQ,http://www.youtube.com/channel/UCMXcG1CKg4JgeZI6-h_40qQ,Juancho El Criticon
UCMXikYZom7Xjdv6QsqNvTDg,http://www.youtube.com/channel/UCMXikYZom7Xjdv6QsqNvTDg,PrinceMarth
UCMYYtHXZAidSJgoeguvDdlg,http://www.youtube.com/channel/UCMYYtHXZAidSJgoeguvDdlg,Valkrill Z
UCMadZ48_jeieJdC72WO7x4w,http://www.youtube.com/channel/UCMadZ48_jeieJdC72WO7x4w,Crystal Blitz
UCMe6GeAmVAZtrMTw7bq24aQ,http://www.youtube.com/channel/UCMe6GeAmVAZtrMTw7bq24aQ,LetsMakePeopleSmile
UCMeesVULZCKIbwteGVyptaA,http://www.youtube.com/channel/UCMeesVULZCKIbwteGVyptaA,Spaced Oyster
UCMfRP4Ls9SMPsQND8k7mqoA,http://www.youtube.com/channel/UCMfRP4Ls9SMPsQND8k7mqoA,Kanii
UCMgHgQzn4JC7I1fCbvkohMw,http://www.youtube.com/channel/UCMgHgQzn4JC7I1fCbvkohMw,OtakuMai
UCMgRIFIiImrALTefWS5toag,http://www.youtube.com/channel/UCMgRIFIiImrALTefWS5toag,someonedie
UCMmfUj8CcXeqpqWkund3ELg,http://www.youtube.com/channel/UCMmfUj8CcXeqpqWkund3ELg,Smart Money Bro
UCMr1lqB1oN3-cYf6cj6-v-A,http://www.youtube.com/channel/UCMr1lqB1oN3-cYf6cj6-v-A,Degenerocity
UCMsn5ubhJj06-Wgolq5Lqcg,http://www.youtube.com/channel/UCMsn5ubhJj06-Wgolq5Lqcg,dinosaurfan329
UCMukgd1aTxWAFCwgNLLSSBQ,http://www.youtube.com/channel/UCMukgd1aTxWAFCwgNLLSSBQ,ziad terela
UCMxuiOifJ6WAp-KfgnbNLxg,http://www.youtube.com/channel/UCMxuiOifJ6WAp-KfgnbNLxg,fruitberries
UCN-8ltTWxVwzbDYXKEXmZJw,http://www.youtube.com/channel/UCN-8ltTWxVwzbDYXKEXmZJw,[TheNamezJamez]
UCN5m4FU51DuJURjNKS2gUZg,http://www.youtube.com/channel/UCN5m4FU51DuJURjNKS2gUZg,Voice Quills
UCN7H7YARe1Fowr7Mmr2roVg,http://www.youtube.com/channel/UCN7H7YARe1Fowr7Mmr2roVg,DragonStar Productions
UCN7hvLLKqmUE3ECnJqbCM3w,http://www.youtube.com/channel/UCN7hvLLKqmUE3ECnJqbCM3w,MonoGlitched
UCN9jMtcUSp9TuQ-82HUHXmg,http://www.youtube.com/channel/UCN9jMtcUSp9TuQ-82HUHXmg,QWAZMAN
UCNBe6rs4aWOYEpWjKPlolkA,http://www.youtube.com/channel/UCNBe6rs4aWOYEpWjKPlolkA,Panagiotis Tsionis
UCNCVus37D-NmMC3_fFJlzRQ,http://www.youtube.com/channel/UCNCVus37D-NmMC3_fFJlzRQ,Kubbi
UCNHSUxxaDcAVJCODeJKs0ZA,http://www.youtube.com/channel/UCNHSUxxaDcAVJCODeJKs0ZA,Good Person
UCNK813T2BNBwcfDPDTPeMPA,http://www.youtube.com/channel/UCNK813T2BNBwcfDPDTPeMPA,Level UP
UCNLa64YyUKwpLtF62xXA0IA,http://www.youtube.com/channel/UCNLa64YyUKwpLtF62xXA0IA,Junskully
UCNNIgJg8vAl9bHHYSfNJ8mA,http://www.youtube.com/channel/UCNNIgJg8vAl9bHHYSfNJ8mA,NinjaristicNinja
UCNOPlBRFHIuEFcB8Hm_mu7g,http://www.youtube.com/channel/UCNOPlBRFHIuEFcB8Hm_mu7g,swerve
UCNQsBLRmgM5nG9bRLkmKTGQ,http://www.youtube.com/channel/UCNQsBLRmgM5nG9bRLkmKTGQ,Dumb bass
UCNUu9E0ZZbf53NVkPjTk7sw,http://www.youtube.com/channel/UCNUu9E0ZZbf53NVkPjTk7sw,Mista GG
UCNWepL_K7oDj8MLU5ROItZQ,http://www.youtube.com/channel/UCNWepL_K7oDj8MLU5ROItZQ,RedJoker
UCNXYrTl3Rc03bRBplYaz7yg,http://www.youtube.com/channel/UCNXYrTl3Rc03bRBplYaz7yg,One giant onion
UCNYJOAz1J80HEJy2HSM772Q,http://www.youtube.com/channel/UCNYJOAz1J80HEJy2HSM772Q,David Dean Burkhart
UCNb1LgEc1w9PjKOTGusfxzw,http://www.youtube.com/channel/UCNb1LgEc1w9PjKOTGusfxzw,7Flow
UCNdSQMxJuhdf93NnMEPF_nw,http://www.youtube.com/channel/UCNdSQMxJuhdf93NnMEPF_nw,Aaron Branch
UCNeMhrj2GTacigCwMLIPAyA,http://www.youtube.com/channel/UCNeMhrj2GTacigCwMLIPAyA,VictoryATL
UCNekbFtp9zsI-lE_OCHpq_w,http://www.youtube.com/channel/UCNekbFtp9zsI-lE_OCHpq_w,Tra Rags
UCNepEAWZH0TBu7dkxIbluDw,http://www.youtube.com/channel/UCNepEAWZH0TBu7dkxIbluDw,"Dad, how do I?"
UCNhdc5Gfig4hAygf30SwxBQ,http://www.youtube.com/channel/UCNhdc5Gfig4hAygf30SwxBQ,Lil Boulder
UCNpthCmSe5cB7uOt7xBuvyA,http://www.youtube.com/channel/UCNpthCmSe5cB7uOt7xBuvyA,The Silly Goose
UCNr-MxHpv4nEaX9HqTklFJQ,http://www.youtube.com/channel/UCNr-MxHpv4nEaX9HqTklFJQ,NevvieIsDumb
UCNzZD3otfZVlIdvYYRRqNSw,http://www.youtube.com/channel/UCNzZD3otfZVlIdvYYRRqNSw,The Walten Files
UCO8Bv4yt-kbtPH_Jv7yJmCw,http://www.youtube.com/channel/UCO8Bv4yt-kbtPH_Jv7yJmCw,Clamp
UCOCADK-jqaB6jui9-QPTisQ,http://www.youtube.com/channel/UCOCADK-jqaB6jui9-QPTisQ,Semblance of Sanity
UCODK-H3vsL-Nrebo0qq4s8A,http://www.youtube.com/channel/UCODK-H3vsL-Nrebo0qq4s8A,Kiozoh
UCOEtKXEcinPDS2Q5CIq0-pQ,http://www.youtube.com/channel/UCOEtKXEcinPDS2Q5CIq0-pQ,Bill
UCOHYsCiO3WAuY_z26tj8Obw,http://www.youtube.com/channel/UCOHYsCiO3WAuY_z26tj8Obw,Malroods
UCOJEt1dxJYH1N6jnLfB6SeA,http://www.youtube.com/channel/UCOJEt1dxJYH1N6jnLfB6SeA,UNCVRD
UCOLGr9aup4HxWT1mmPPMFMw,http://www.youtube.com/channel/UCOLGr9aup4HxWT1mmPPMFMw,YaBoyRockLee Reactions
UCOOS4ik1qYTZYlfC4cgBN8g,http://www.youtube.com/channel/UCOOS4ik1qYTZYlfC4cgBN8g,Taileon
UCOPMMau8P9PWtaSVnJc1OaQ,http://www.youtube.com/channel/UCOPMMau8P9PWtaSVnJc1OaQ,THOT DESTROYER
UCOPZb0NpB8zieYebBEoNhEw,http://www.youtube.com/channel/UCOPZb0NpB8zieYebBEoNhEw,AnonymousMike
UCOVkJjrQ69pAShKDykcl5Ow,http://www.youtube.com/channel/UCOVkJjrQ69pAShKDykcl5Ow,RandyBoyJr
UCOX5fL92AH6mSaoVyOSVXgA,http://www.youtube.com/channel/UCOX5fL92AH6mSaoVyOSVXgA,Nardicality
UCOXEY4Xcu5F38j832x2U33A,http://www.youtube.com/channel/UCOXEY4Xcu5F38j832x2U33A,Mordra
UCOZbdgrRR5ZxRCib5xGIimg,http://www.youtube.com/channel/UCOZbdgrRR5ZxRCib5xGIimg,Gigahwind
UCO_fDLar2J4nkO33mtP8JCQ,http://www.youtube.com/channel/UCO_fDLar2J4nkO33mtP8JCQ,Adam Anims
UCOaB_rdiMtYLtJy0KHsa9yw,http://www.youtube.com/channel/UCOaB_rdiMtYLtJy0KHsa9yw,Simple Mike
UCOcyAToXloYPe3uDLk1f9nA,http://www.youtube.com/channel/UCOcyAToXloYPe3uDLk1f9nA,AshZone
UCOgaIuQYGr6ow_jbote4BKA,http://www.youtube.com/channel/UCOgaIuQYGr6ow_jbote4BKA,Maximilian Dood
UCOjc2LTXq55J0HNUMvNhvYw,http://www.youtube.com/channel/UCOjc2LTXq55J0HNUMvNhvYw,MemerMan
UCOqfSOPqVU_Be2oIsa-TNfw,http://www.youtube.com/channel/UCOqfSOPqVU_Be2oIsa-TNfw,Alex Roe
UCOsLEkFE4cCmBxo1c4JLaJA,http://www.youtube.com/channel/UCOsLEkFE4cCmBxo1c4JLaJA,Spinahat
UCOzBszcE-YbtX7AcUB6Q3wg,http://www.youtube.com/channel/UCOzBszcE-YbtX7AcUB6Q3wg,Joey Nato Music
UCP5j_wxC1mPnNkpGz3d2bWg,http://www.youtube.com/channel/UCP5j_wxC1mPnNkpGz3d2bWg,Kagurabachi Dubs (Unofficial)
UCP7QV6mGrWTfyzQRe7JN5vw,http://www.youtube.com/channel/UCP7QV6mGrWTfyzQRe7JN5vw,Logan Feece Music
UCPCaAOvyk4J3yVgS8TwOAiA,http://www.youtube.com/channel/UCPCaAOvyk4J3yVgS8TwOAiA,JSNW
UCPEQ8XPcRQQdPsrNRkuyuAw,http://www.youtube.com/channel/UCPEQ8XPcRQQdPsrNRkuyuAw,Silentroom
UCPPjYyynTDA7pIG-53t1dKQ,http://www.youtube.com/channel/UCPPjYyynTDA7pIG-53t1dKQ,MegaMundo
UCPPjuJTt9jiOZNHScvEmvRg,http://www.youtube.com/channel/UCPPjuJTt9jiOZNHScvEmvRg,seDUCKtive
UCPQtgiC955x36IiyO1vigEw,http://www.youtube.com/channel/UCPQtgiC955x36IiyO1vigEw,DrooD
UCPUZX3FA8kDNyDUxJNlwegQ,http://www.youtube.com/channel/UCPUZX3FA8kDNyDUxJNlwegQ,Disillusioned Plays
UCPWsJHRriEekPGrueUIujqg,http://www.youtube.com/channel/UCPWsJHRriEekPGrueUIujqg,Heaven
UCPYJR2EIu0_MJaDeSGwkIVw,http://www.youtube.com/channel/UCPYJR2EIu0_MJaDeSGwkIVw,The Completionist
UCPYVQTV8-p0OGW0DKkcC2SA,http://www.youtube.com/channel/UCPYVQTV8-p0OGW0DKkcC2SA,Antip
UCPcU4yK1qUAASEHW5krh2XA,http://www.youtube.com/channel/UCPcU4yK1qUAASEHW5krh2XA,MoeMentum Beats
UCPfiUnT2752G4-PEpqEiUbg,http://www.youtube.com/channel/UCPfiUnT2752G4-PEpqEiUbg,「|_◎G¡」
UCPh6AteAx-OGmggjtupbiDg,http://www.youtube.com/channel/UCPh6AteAx-OGmggjtupbiDg,ZoomSpace
UCPjlEaKS5G4IO0XG-Sdb3mA,http://www.youtube.com/channel/UCPjlEaKS5G4IO0XG-Sdb3mA,Yahiamice LIVE!
UCPkIPbl5wUpNBKIj0EtJOiQ,http://www.youtube.com/channel/UCPkIPbl5wUpNBKIj0EtJOiQ,Nottenham
UCPuNgivVa-LI0bPKH9upcRg,http://www.youtube.com/channel/UCPuNgivVa-LI0bPKH9upcRg,Brett n Buttah
UCQ3hM--TIm-IFUf201SKbMg,http://www.youtube.com/channel/UCQ3hM--TIm-IFUf201SKbMg,Peanut
UCQ5k469r1kRZ10zvyxQsFCg,http://www.youtube.com/channel/UCQ5k469r1kRZ10zvyxQsFCg,Brawlhalla
UCQANb2YPwAtK-IQJrLaaUFw,http://www.youtube.com/channel/UCQANb2YPwAtK-IQJrLaaUFw,Brian Tyler Cohen
UCQC6EzAnHPn4egUhEWQTouQ,http://www.youtube.com/channel/UCQC6EzAnHPn4egUhEWQTouQ,Mitchell K
UCQCHYXU23pouSHIo33g8xoQ,http://www.youtube.com/channel/UCQCHYXU23pouSHIo33g8xoQ,mxniter
UCQMjMW-9PhWoH6TWwmnVWvA,http://www.youtube.com/channel/UCQMjMW-9PhWoH6TWwmnVWvA,CallMeCarson
UCQMyhrt92_8XM0KgZH6VnRg,http://www.youtube.com/channel/UCQMyhrt92_8XM0KgZH6VnRg,Company Man
UCQNraZu9Kl0ezybTw-x_lWQ,http://www.youtube.com/channel/UCQNraZu9Kl0ezybTw-x_lWQ,Dos Cavazos
UCQSEAbOs6vsJfy7WN7iYaGQ,http://www.youtube.com/channel/UCQSEAbOs6vsJfy7WN7iYaGQ,EazySpeezy
UCQUHQsGkzo77D_1516JE-sQ,http://www.youtube.com/channel/UCQUHQsGkzo77D_1516JE-sQ,Shinichi Edogawa
UCQVJTVo3rlWHsKNrp5LWbXw,http://www.youtube.com/channel/UCQVJTVo3rlWHsKNrp5LWbXw,madhujithv
UCQVOeZ10mBuBr_69fgRPOgQ,http://www.youtube.com/channel/UCQVOeZ10mBuBr_69fgRPOgQ,DeceasedTV
UCQVkQnNiMgDoESOg3rDbnsA,http://www.youtube.com/channel/UCQVkQnNiMgDoESOg3rDbnsA,chopstiks
UCQXmpvL5-aosCocNFVbactQ,http://www.youtube.com/channel/UCQXmpvL5-aosCocNFVbactQ,Irving Arredondo
UCQcT1j6oBTylKKpf4n4Gp5A,http://www.youtube.com/channel/UCQcT1j6oBTylKKpf4n4Gp5A,Your Anxiety Buddy
UCQcUBNFYmz2p4-OYKktrz_A,http://www.youtube.com/channel/UCQcUBNFYmz2p4-OYKktrz_A,SacredAlmighty
UCQcZYEOmUZ06NFIcRhbvN6w,http://www.youtube.com/channel/UCQcZYEOmUZ06NFIcRhbvN6w,Lucians_Sword
UCQlyMIGzT47PEyX3GHR0w0A,http://www.youtube.com/channel/UCQlyMIGzT47PEyX3GHR0w0A,quak
UCQmmm3PSr3y4Y3bLSy_DJlw,http://www.youtube.com/channel/UCQmmm3PSr3y4Y3bLSy_DJlw,OPAnime
UCQv9gW85XDv4NB64-gOZdsw,http://www.youtube.com/channel/UCQv9gW85XDv4NB64-gOZdsw,Paul Drew Music
UCQwR_qiQpJVRYwM3xMjWCQg,http://www.youtube.com/channel/UCQwR_qiQpJVRYwM3xMjWCQg,OST Maniac
UCR1zT1s524Hbc85bdvno_8w,http://www.youtube.com/channel/UCR1zT1s524Hbc85bdvno_8w,Aimer Official YouTube Channel
UCR4u8Ny7c3V8qkvIF3JJG-Q,http://www.youtube.com/channel/UCR4u8Ny7c3V8qkvIF3JJG-Q,Kevin Temmer Tunes
UCR6j61T92mKeAEZlDccV5ZA,http://www.youtube.com/channel/UCR6j61T92mKeAEZlDccV5ZA,MangaKamen
UCR6u7YfwnY0WNOC9a4kmzGw,http://www.youtube.com/channel/UCR6u7YfwnY0WNOC9a4kmzGw,xonthebeat
UCR6vp4AIo220zNn0J68NOKQ,http://www.youtube.com/channel/UCR6vp4AIo220zNn0J68NOKQ,Testytwister gaming
UCRC_MIZGejtGSsM8AE6GNwQ,http://www.youtube.com/channel/UCRC_MIZGejtGSsM8AE6GNwQ,Ben Briggs
UCRCp5GBgGmDy0u5wULjGStg,http://www.youtube.com/channel/UCRCp5GBgGmDy0u5wULjGStg,Esteban
UCRCu88edlpWK1vCB1ZcPdTw,http://www.youtube.com/channel/UCRCu88edlpWK1vCB1ZcPdTw,Team Spirit
UCRD5m6KhNK_RaUtineNx0Kw,http://www.youtube.com/channel/UCRD5m6KhNK_RaUtineNx0Kw,sebooski
UCRGKcnZXrh2zY8SBqY09-XQ,http://www.youtube.com/channel/UCRGKcnZXrh2zY8SBqY09-XQ,Phangito
UCRGaAiFJj9YvEX-6wbldWmw,http://www.youtube.com/channel/UCRGaAiFJj9YvEX-6wbldWmw,Gabfr
UCRHXUZ0BxbkU2MYZgsuFgkQ,http://www.youtube.com/channel/UCRHXUZ0BxbkU2MYZgsuFgkQ,The Spiffing Brit
UCRIdKHR4meL_UI9BwNvT9jA,http://www.youtube.com/channel/UCRIdKHR4meL_UI9BwNvT9jA,Undead Chronic
UCRJ1IN4LBfE6MKAML9wFU5w,http://www.youtube.com/channel/UCRJ1IN4LBfE6MKAML9wFU5w,yakirisu
UCRJkEoUDdxVX7BnaZNJPc_w,http://www.youtube.com/channel/UCRJkEoUDdxVX7BnaZNJPc_w,Playirime
UCRO0lFxzxzyNh7iH0d4bO4g,http://www.youtube.com/channel/UCRO0lFxzxzyNh7iH0d4bO4g,bxnji
UCROuhoNylPaQB7vYQYSGTqA,http://www.youtube.com/channel/UCROuhoNylPaQB7vYQYSGTqA,Out Of Context Lythero
UCRS1E5kaSJyqsOPzEGAvu7g,http://www.youtube.com/channel/UCRS1E5kaSJyqsOPzEGAvu7g,Clutch Gone Rogue
UCRSNixQLzWhhu115ozT70Ow,http://www.youtube.com/channel/UCRSNixQLzWhhu115ozT70Ow,HA$EBLACK
UCRW15el9Xi8rdLAg9Wx8yuA,http://www.youtube.com/channel/UCRW15el9Xi8rdLAg9Wx8yuA,Paint Professor
UCR_ZpkrY0RA1mmb28P1McqQ,http://www.youtube.com/channel/UCR_ZpkrY0RA1mmb28P1McqQ,ITALM
UCRaaj_cXlkpbKvvfhiJPsXg,http://www.youtube.com/channel/UCRaaj_cXlkpbKvvfhiJPsXg,Dark Night Satellite
UCRdFBZwu7lZvqjfylbYsyMg,http://www.youtube.com/channel/UCRdFBZwu7lZvqjfylbYsyMg,DrumRollTony Reacts
UCRdyjE3lE7dtCOxU4rTsXVA,http://www.youtube.com/channel/UCRdyjE3lE7dtCOxU4rTsXVA,Tekking101
UCRl6F0JJNXk4u5Us1hWUmTg,http://www.youtube.com/channel/UCRl6F0JJNXk4u5Us1hWUmTg,cade clair
UCRlEFn0L2G_DktbyvN0AZ5A,http://www.youtube.com/channel/UCRlEFn0L2G_DktbyvN0AZ5A,WadZee
UCRmJvkTc52h2C2DsPEVlVlA,http://www.youtube.com/channel/UCRmJvkTc52h2C2DsPEVlVlA,All Good Things
UCRmeDiPMjGch_U9JHWHME4g,http://www.youtube.com/channel/UCRmeDiPMjGch_U9JHWHME4g,kuro_fia
UCRt1A0W4iZfvsOhAH1yft2Q,http://www.youtube.com/channel/UCRt1A0W4iZfvsOhAH1yft2Q,Steve Lacy
UCRy4ubnSzltCyC8I38WQgfQ,http://www.youtube.com/channel/UCRy4ubnSzltCyC8I38WQgfQ,Tommy Kretsos
UCRzmewgYrWSHd_2AVKZ-JNg,http://www.youtube.com/channel/UCRzmewgYrWSHd_2AVKZ-JNg,St.Salmonella
UCRzpegmIukwzuSbMcJ3hPZg,http://www.youtube.com/channel/UCRzpegmIukwzuSbMcJ3hPZg,Always Bet On Dunc
UCS4_hcviJUA6beVsXb0xakQ,http://www.youtube.com/channel/UCS4_hcviJUA6beVsXb0xakQ,PBGGameplay
UCS6z3tzakW_OJqzQ1lF-_Pg,http://www.youtube.com/channel/UCS6z3tzakW_OJqzQ1lF-_Pg,Dville Santa
UCS8OjP50HmdeXeKYLvF3rdA,http://www.youtube.com/channel/UCS8OjP50HmdeXeKYLvF3rdA,KORDHELL
UCSAYHSNaY5_UEol4_frPurg,http://www.youtube.com/channel/UCSAYHSNaY5_UEol4_frPurg,MandJTV
UCSEMSkhZ7BzGFg7jJdwowOw,http://www.youtube.com/channel/UCSEMSkhZ7BzGFg7jJdwowOw,Ejiogu Dennis
UCSHgEDgl4EM9WqOxEHb4z9Q,http://www.youtube.com/channel/UCSHgEDgl4EM9WqOxEHb4z9Q,Yugioh Everything
UCSN-ockHboQd2Ck8GtuCRrg,http://www.youtube.com/channel/UCSN-ockHboQd2Ck8GtuCRrg,MAS0N
UCSNf96VG7sa2Cdk8-f6flUw,http://www.youtube.com/channel/UCSNf96VG7sa2Cdk8-f6flUw,梶浦由記 / Yuki Kajiura Official
UCSRXTlOzHn3Kzyo84DbA_bg,http://www.youtube.com/channel/UCSRXTlOzHn3Kzyo84DbA_bg,SuperKek
UCSYgmR6gZRUV2zTRPmGWKUw,http://www.youtube.com/channel/UCSYgmR6gZRUV2zTRPmGWKUw,Broken Ronin
UCSaVm44aqZSBHUJv-YBUUjA,http://www.youtube.com/channel/UCSaVm44aqZSBHUJv-YBUUjA,EaziestSpeezy
UCSbuezxekbGdTGMcrxE5I9g,http://www.youtube.com/channel/UCSbuezxekbGdTGMcrxE5I9g,Bittersweet Gamers
UCSd9dvY95M6gQAus_xVpQdQ,http://www.youtube.com/channel/UCSd9dvY95M6gQAus_xVpQdQ,altAccount
UCSeIraURr6LbdpoAioeOvrQ,http://www.youtube.com/channel/UCSeIraURr6LbdpoAioeOvrQ,LillStork
UCSeYsY2gy3IGGd1NNdgI-Ww,http://www.youtube.com/channel/UCSeYsY2gy3IGGd1NNdgI-Ww,Stellamarius
UCSjQF5YLYzhXYjU5_Z9l2PA,http://www.youtube.com/channel/UCSjQF5YLYzhXYjU5_Z9l2PA,yarvzix
UCSjlTrPYRxwiNzjGiuZm0pg,http://www.youtube.com/channel/UCSjlTrPYRxwiNzjGiuZm0pg,AnDyWuMUSICLAND
UCSr4-YIWkohqSIypxvN3UEA,http://www.youtube.com/channel/UCSr4-YIWkohqSIypxvN3UEA,Ty Five 99
UCStacuNXCCDBwn--dWCilNA,http://www.youtube.com/channel/UCStacuNXCCDBwn--dWCilNA,Swirft
UCSz1SkiwIXpTlhRpL0YvR1A,http://www.youtube.com/channel/UCSz1SkiwIXpTlhRpL0YvR1A,Sufferents
UCT3reBg45JmNuTqvUZQC3OA,http://www.youtube.com/channel/UCT3reBg45JmNuTqvUZQC3OA,Letts React
UCT508_zO7ivq7DxNifJ3Geg,http://www.youtube.com/channel/UCT508_zO7ivq7DxNifJ3Geg,Amirah
UCT7TAFyt5duRS-S4IB-oRaw,http://www.youtube.com/channel/UCT7TAFyt5duRS-S4IB-oRaw,BreadEater
UCT7Z9-MBNJJKGHH8xVbquVQ,http://www.youtube.com/channel/UCT7Z9-MBNJJKGHH8xVbquVQ,RavioliV3
UCTFcQb-mN4MuyDZO4KwCBbg,http://www.youtube.com/channel/UCTFcQb-mN4MuyDZO4KwCBbg,Dragon Of Sparda
UCTMBDhqhnQrRWD7mFtxi76g,http://www.youtube.com/channel/UCTMBDhqhnQrRWD7mFtxi76g,Orion
UCTPs-gl2g4ZJVUALhcPscIg,http://www.youtube.com/channel/UCTPs-gl2g4ZJVUALhcPscIg,Son Wu
UCTRZMdVujOaEFWHawrzQkgw,http://www.youtube.com/channel/UCTRZMdVujOaEFWHawrzQkgw,Shwerpy
UCTS_nsaI8TTNHJ-hAWbCLHA,http://www.youtube.com/channel/UCTS_nsaI8TTNHJ-hAWbCLHA,DbzWarrior17
UCTUHzVzRwN_2x13IWQ9QVNg,http://www.youtube.com/channel/UCTUHzVzRwN_2x13IWQ9QVNg,senzawa
UCTVQiVNwwsd_ASB78f6Q6Tw,http://www.youtube.com/channel/UCTVQiVNwwsd_ASB78f6Q6Tw,TArrow
UCTXq-6py1mnaAmVadMeY_Cg,http://www.youtube.com/channel/UCTXq-6py1mnaAmVadMeY_Cg,Press Continue
UCTatVByiZEuq2oPt5B5b2rA,http://www.youtube.com/channel/UCTatVByiZEuq2oPt5B5b2rA,Super Kitty Girl
UCTcnjdmyqewrgRcKyLEuJGw,http://www.youtube.com/channel/UCTcnjdmyqewrgRcKyLEuJGw,Challenger Andy
UCTddDMNk-Cs7v6JpKVe8LRw,http://www.youtube.com/channel/UCTddDMNk-Cs7v6JpKVe8LRw,Saiyan Beats
UCTgbC1yI6P3OrJW8ppbRrgA,http://www.youtube.com/channel/UCTgbC1yI6P3OrJW8ppbRrgA,HomuAkemi
UCTl1rnH6fZU1952vYBSRlNg,http://www.youtube.com/channel/UCTl1rnH6fZU1952vYBSRlNg,Insomnia
UCTmLRh9Pc2tkde-2OOMoAnw,http://www.youtube.com/channel/UCTmLRh9Pc2tkde-2OOMoAnw,Rainbow Traps
UCTmoyDN-uokTbzk_xXKcx6w,http://www.youtube.com/channel/UCTmoyDN-uokTbzk_xXKcx6w,Cö shu Nie
UCTn_rxpHYpPx9JHAadaecbw,http://www.youtube.com/channel/UCTn_rxpHYpPx9JHAadaecbw,AC Motion Studio
UCTrRj46ZQfPQoVREvCMmhwQ,http://www.youtube.com/channel/UCTrRj46ZQfPQoVREvCMmhwQ,aDrive
UCTtdlsKFw4yiHaql7D-KoSw,http://www.youtube.com/channel/UCTtdlsKFw4yiHaql7D-KoSw,Quinzz
UCTwI0dQ6rTxkVRPwx7wsqJQ,http://www.youtube.com/channel/UCTwI0dQ6rTxkVRPwx7wsqJQ,Waf
UCTxBFOp5l3hylDL3Ze67VUw,http://www.youtube.com/channel/UCTxBFOp5l3hylDL3Ze67VUw,moosical apocalypse
UCTxp32LVNp8QlK6qSIqke1Q,http://www.youtube.com/channel/UCTxp32LVNp8QlK6qSIqke1Q,Dream Catchers
UCU2fTtyIj4uJ0uYlQnEH3LA,http://www.youtube.com/channel/UCU2fTtyIj4uJ0uYlQnEH3LA,javeus
UCU48JR5SNOe-3ZN75gDZEFw,http://www.youtube.com/channel/UCU48JR5SNOe-3ZN75gDZEFw,Kurizu Sama
UCU6s5EqlTas6HZd3wXSTosQ,http://www.youtube.com/channel/UCU6s5EqlTas6HZd3wXSTosQ,nakinyko
UCU7fZAJ9l9XuyBcxDz-RixQ,http://www.youtube.com/channel/UCU7fZAJ9l9XuyBcxDz-RixQ,DakTheMac Reacts
UCUCeZaZeJbEYAAzvMgrKOPQ,http://www.youtube.com/channel/UCUCeZaZeJbEYAAzvMgrKOPQ,Kenshi Yonezu  米津玄師
UCUFwlm2Y0sN5mnzYzxo84Nw,http://www.youtube.com/channel/UCUFwlm2Y0sN5mnzYzxo84Nw,Austin White
UCUOTSGbut_uMsznWqT0sArQ,http://www.youtube.com/channel/UCUOTSGbut_uMsznWqT0sArQ,Euphoricz
UCUPNJbLkNWGf0fWYpoqBQDw,http://www.youtube.com/channel/UCUPNJbLkNWGf0fWYpoqBQDw,Robbie Elliott Art
UCUQMXZRoXlmqUyzCxEo35LA,http://www.youtube.com/channel/UCUQMXZRoXlmqUyzCxEo35LA,Tmaro
UCUSx0jGowNKOEcoB3XuzUiw,http://www.youtube.com/channel/UCUSx0jGowNKOEcoB3XuzUiw,BlackEye
UCUUM4aRyOWO_YRfTXneXTTg,http://www.youtube.com/channel/UCUUM4aRyOWO_YRfTXneXTTg,Lunar{AMV}Project
UCUUNMri9GAoH2PiXCQJ6aWw,http://www.youtube.com/channel/UCUUNMri9GAoH2PiXCQJ6aWw,Original Koffee
UCUXGe8BZvVIyYwDreXwhwmA,http://www.youtube.com/channel/UCUXGe8BZvVIyYwDreXwhwmA,Jonathan Bynoe
UCUXfRsEIJ9xO1DT7TbEWksw,http://www.youtube.com/channel/UCUXfRsEIJ9xO1DT7TbEWksw,Eve
UCUZROQKH8W636R3nHwSIFdg,http://www.youtube.com/channel/UCUZROQKH8W636R3nHwSIFdg,Blubz 
UCUZursSUsd-NxcE6BquDnwQ,http://www.youtube.com/channel/UCUZursSUsd-NxcE6BquDnwQ,DHTV
UCUd0DGXsiCIVqvOci94lnkQ,http://www.youtube.com/channel/UCUd0DGXsiCIVqvOci94lnkQ,vivivivivi
UCUem8ytyhczNMEsuHTv2M5A,http://www.youtube.com/channel/UCUem8ytyhczNMEsuHTv2M5A,Kamex
UCUh3Ykeu3hl3t3k9alE0FMA,http://www.youtube.com/channel/UCUh3Ykeu3hl3t3k9alE0FMA,Kal12012
UCUjh8eN4gnGuH193jJ8b_HA,http://www.youtube.com/channel/UCUjh8eN4gnGuH193jJ8b_HA,Arturius  ﾒ
UCUonmjz90MsvFCRpnPjFzoA,http://www.youtube.com/channel/UCUonmjz90MsvFCRpnPjFzoA,MemoryNK
UCUr5dNPcUF_Ft8Fag43Lzww,http://www.youtube.com/channel/UCUr5dNPcUF_Ft8Fag43Lzww,Tsunami J.
UCUrMLTCrAyf8lZXbxKHYk8Q,http://www.youtube.com/channel/UCUrMLTCrAyf8lZXbxKHYk8Q,SlimKirby
UCUrnihybG5L-If17B_uEMLA,http://www.youtube.com/channel/UCUrnihybG5L-If17B_uEMLA,Nkunim
UCUw7lqtWFemQnR44Rr42OZQ,http://www.youtube.com/channel/UCUw7lqtWFemQnR44Rr42OZQ,NiniVFX
UCV2Z8mTSnljGFjC7_e0hy7g,http://www.youtube.com/channel/UCV2Z8mTSnljGFjC7_e0hy7g,Demonically Inspired
UCV5Ab39YnXvTZ6Grar9URxQ,http://www.youtube.com/channel/UCV5Ab39YnXvTZ6Grar9URxQ,LeMaster Tech
UCV6g95OBbVtFmN9uiJzkFqQ,http://www.youtube.com/channel/UCV6g95OBbVtFmN9uiJzkFqQ,CircleToonsHD
UCV9Hv_XSCAcRMyiobpddGTw,http://www.youtube.com/channel/UCV9Hv_XSCAcRMyiobpddGTw,VaporGod
UCVJPVLbxCat5yytqBPKyyPw,http://www.youtube.com/channel/UCVJPVLbxCat5yytqBPKyyPw,Wizinjr
UCVMequ9gb-c-miIZP4jfA_g,http://www.youtube.com/channel/UCVMequ9gb-c-miIZP4jfA_g,woo
UCVMxMmlDNWyJhYHiz5fgUGw,http://www.youtube.com/channel/UCVMxMmlDNWyJhYHiz5fgUGw,OldBoyC
UCVOWJlgCx6iPVffyhRhy3nQ,http://www.youtube.com/channel/UCVOWJlgCx6iPVffyhRhy3nQ,「Re:ゼロから始める異世界生活」チャンネル【公式】
UCVPYQSzEMM2LH27h97qg5zg,http://www.youtube.com/channel/UCVPYQSzEMM2LH27h97qg5zg,Dequarious
UCVQjjH0CTaY9dFKRPsyWUjQ,http://www.youtube.com/channel/UCVQjjH0CTaY9dFKRPsyWUjQ,1.1edf
UCVR0CokYxywvc10bJJ8WTmw,http://www.youtube.com/channel/UCVR0CokYxywvc10bJJ8WTmw,Re:animated
UCVRgoN7QLPM-xuwwGtfsS9g,http://www.youtube.com/channel/UCVRgoN7QLPM-xuwwGtfsS9g,Jonah Who Two
UCVT_0PeNVHuj3DjVuYEUy8g,http://www.youtube.com/channel/UCVT_0PeNVHuj3DjVuYEUy8g,Neon master
UCVWJdGiJ_q-7qfYwN5BgjLg,http://www.youtube.com/channel/UCVWJdGiJ_q-7qfYwN5BgjLg,k146
UCVX5hvbXTY_UpZCptO14Grw,http://www.youtube.com/channel/UCVX5hvbXTY_UpZCptO14Grw,Every Song is a Jingle!
UCVZ0T2eVOxtRIzzPjsFSVcA,http://www.youtube.com/channel/UCVZ0T2eVOxtRIzzPjsFSVcA,GumbinoBLUE
UCV_CsAy5CNBX_uwDQ7RMe1Q,http://www.youtube.com/channel/UCV_CsAy5CNBX_uwDQ7RMe1Q,Central Cee
UCVaz2Wz1mNQ0Eun8eq0DGFw,http://www.youtube.com/channel/UCVaz2Wz1mNQ0Eun8eq0DGFw,Backseat Streams
UCVbkLzfy4Xza5mBkMfS_WMw,http://www.youtube.com/channel/UCVbkLzfy4Xza5mBkMfS_WMw,Zyzx_
UCVcJIN7llYLnSSOcyKGrRQA,http://www.youtube.com/channel/UCVcJIN7llYLnSSOcyKGrRQA,misumitsuya_
UCVf0Zr95HD9MPBUjMQMeQCA,http://www.youtube.com/channel/UCVf0Zr95HD9MPBUjMQMeQCA,EnidaSpike
UCVh47EKH9VLresRqiYi9txw,http://www.youtube.com/channel/UCVh47EKH9VLresRqiYi9txw,Mili
UCVhLZeIqDxXjJGdQAqD8M3w,http://www.youtube.com/channel/UCVhLZeIqDxXjJGdQAqD8M3w,Soudl1
UCVjlpEjEY9GpksqbEesJnNA,http://www.youtube.com/channel/UCVjlpEjEY9GpksqbEesJnNA,mrnigelng
UCVl3BPJoQigXNtqPujUzv4A,http://www.youtube.com/channel/UCVl3BPJoQigXNtqPujUzv4A,Kpadre
UCVl8NQ-pn-ZGJ6BZvVYHC3w,http://www.youtube.com/channel/UCVl8NQ-pn-ZGJ6BZvVYHC3w,SuperSoniq
UCVlV8x1lYtHpsYHtQlHzUKg,http://www.youtube.com/channel/UCVlV8x1lYtHpsYHtQlHzUKg,Chris Chrass
UCW00WgQBA2IiMmMVL9Owk2w,http://www.youtube.com/channel/UCW00WgQBA2IiMmMVL9Owk2w,supdog036
UCW0uwJNcMTiOFXXgyS2no4g,http://www.youtube.com/channel/UCW0uwJNcMTiOFXXgyS2no4g,RDCWorldGaming
UCW2QxqqE_j-utMTBq5Oh2fA,http://www.youtube.com/channel/UCW2QxqqE_j-utMTBq5Oh2fA,Good Kid
UCW5VzASLFZ7Ov14jKS3wSTw,http://www.youtube.com/channel/UCW5VzASLFZ7Ov14jKS3wSTw,ToskaVA
UCW8fUAUT0R5bCIFTCwXswZA,http://www.youtube.com/channel/UCW8fUAUT0R5bCIFTCwXswZA,GenesisDX
UCWJY6t-gNisHJt8IW0pcVcA,http://www.youtube.com/channel/UCWJY6t-gNisHJt8IW0pcVcA,Gio
UCWJb-VSoWcKiEznjcnZCmXQ,http://www.youtube.com/channel/UCWJb-VSoWcKiEznjcnZCmXQ,SunlightBlade
UCWL6SQDX0m1m9GBV8iMz0JQ,http://www.youtube.com/channel/UCWL6SQDX0m1m9GBV8iMz0JQ,kee
UCWLU1jhSFhVehpKyX8rZGoQ,http://www.youtube.com/channel/UCWLU1jhSFhVehpKyX8rZGoQ,Xennon
UCWM4Pv6hg6uAXfkNxSSmzUg,http://www.youtube.com/channel/UCWM4Pv6hg6uAXfkNxSSmzUg,Wuchi
UCWMHqh4PDQHO_xLNhQFFEOw,http://www.youtube.com/channel/UCWMHqh4PDQHO_xLNhQFFEOw,euoluma
UCWM_WBqlRYI9zfSuFo-f6uw,http://www.youtube.com/channel/UCWM_WBqlRYI9zfSuFo-f6uw,TopSpinTheFuzzy
UCWQ6Xk8-bmV18cjt4Bv0odA,http://www.youtube.com/channel/UCWQ6Xk8-bmV18cjt4Bv0odA,Escapism
UCWQyKo73YmAexg3uJwcYnKQ,http://www.youtube.com/channel/UCWQyKo73YmAexg3uJwcYnKQ,Lightz
UCWU8Pyw3ooijdcgWRQ9kjQw,http://www.youtube.com/channel/UCWU8Pyw3ooijdcgWRQ9kjQw,AiminTV
UCWUSwImBC_cYMJmUnHH7mYg,http://www.youtube.com/channel/UCWUSwImBC_cYMJmUnHH7mYg,Hearing Aids
UCWYODUHcJbtt1NK0px4grYg,http://www.youtube.com/channel/UCWYODUHcJbtt1NK0px4grYg,女王蜂 / QUEEN BEE official YouTube channel
UCWcUE-K-Ou5Axk6beLQAPjQ,http://www.youtube.com/channel/UCWcUE-K-Ou5Axk6beLQAPjQ,HappyDays
UCWfi5ELXGAe-DCA6cOP3aNw,http://www.youtube.com/channel/UCWfi5ELXGAe-DCA6cOP3aNw,Tems
UCWg7ZcouKaf4TQc_too6kGQ,http://www.youtube.com/channel/UCWg7ZcouKaf4TQc_too6kGQ,KISS
UCWiBEJaW2WDuzNP4hVOTIuA,http://www.youtube.com/channel/UCWiBEJaW2WDuzNP4hVOTIuA,April Dolly
UCWiY6fYdxuEe78r-0uFCnhA,http://www.youtube.com/channel/UCWiY6fYdxuEe78r-0uFCnhA,LongBeachGriffy
UCWm5OmnBF37HL66XAQBAq-w,http://www.youtube.com/channel/UCWm5OmnBF37HL66XAQBAq-w,Alan Bowe
UCWmKXeIhsB9WJ0JilA7j4aQ,http://www.youtube.com/channel/UCWmKXeIhsB9WJ0JilA7j4aQ,Sonic Gaming
UCWxFYv7xfPQVx5yzjpJX33w,http://www.youtube.com/channel/UCWxFYv7xfPQVx5yzjpJX33w,凛として時雨 / TK
UCWxsk37Wwq8Iwo_GbuXyalQ,http://www.youtube.com/channel/UCWxsk37Wwq8Iwo_GbuXyalQ,kobyshinobi
UCX0388K0sDEDzn8MaI1RDoQ,http://www.youtube.com/channel/UCX0388K0sDEDzn8MaI1RDoQ,marce
UCX0j-U8flF17dK0U461a2Yw,http://www.youtube.com/channel/UCX0j-U8flF17dK0U461a2Yw,Noahsxz
UCX1eEXAVyXoPviRXoEgKipQ,http://www.youtube.com/channel/UCX1eEXAVyXoPviRXoEgKipQ,Shiro Sagisu - Topic
UCX2YyFkVhwXGbyPw1euSDnw,http://www.youtube.com/channel/UCX2YyFkVhwXGbyPw1euSDnw,1ShotPlays
UCX3IrV7uIir6yzMM9kOtH1Q,http://www.youtube.com/channel/UCX3IrV7uIir6yzMM9kOtH1Q,Kenya Grace
UCX6GyQ480UJQfsIa6OmlRbw,http://www.youtube.com/channel/UCX6GyQ480UJQfsIa6OmlRbw,Mr. Salad
UCX6OQ3DkcsbYNE6H8uQQuVA,http://www.youtube.com/channel/UCX6OQ3DkcsbYNE6H8uQQuVA,MrBeast
UCX6OjhoCqhrd0q6bWkhcPtg,http://www.youtube.com/channel/UCX6OjhoCqhrd0q6bWkhcPtg,ImportedMaple
UCX6VaDITjgSRzr77X-5mjWA,http://www.youtube.com/channel/UCX6VaDITjgSRzr77X-5mjWA,MarcoMeatball
UCX6b17PVsYBQ0ip5gyeme-Q,http://www.youtube.com/channel/UCX6b17PVsYBQ0ip5gyeme-Q,CrashCourse
UCXAV3I-Pm0OoXik0fLPch2Q,http://www.youtube.com/channel/UCXAV3I-Pm0OoXik0fLPch2Q,MattKimtv
UCXIe-6D4SqrqZ1oUymZFdDA,http://www.youtube.com/channel/UCXIe-6D4SqrqZ1oUymZFdDA,Cancerous
UCXKW0FIIGn12RLHKyLlH75g,http://www.youtube.com/channel/UCXKW0FIIGn12RLHKyLlH75g,S3MT3X
UCXNm-_Dy9e6pul3zALMc0tQ,http://www.youtube.com/channel/UCXNm-_Dy9e6pul3zALMc0tQ,Zenny
UCXaRBgeuS7OxGLKe344gxIg,http://www.youtube.com/channel/UCXaRBgeuS7OxGLKe344gxIg,Rhelaza
UCXbLrqOp0jyMDC-Ql4hdUhQ,http://www.youtube.com/channel/UCXbLrqOp0jyMDC-Ql4hdUhQ,Yellowfish
UCXdDOxon4rKfUv8W3zDgSjw,http://www.youtube.com/channel/UCXdDOxon4rKfUv8W3zDgSjw,Qsie
UCXheD1adNHXrcHweqghZERw,http://www.youtube.com/channel/UCXheD1adNHXrcHweqghZERw,wrenchd
UCXm2VwBwM4et2Oz3mZdTPCQ,http://www.youtube.com/channel/UCXm2VwBwM4et2Oz3mZdTPCQ,vttpxz
UCXnp1YZEMr1-67JfmjkExxQ,http://www.youtube.com/channel/UCXnp1YZEMr1-67JfmjkExxQ,VioletRoseVA
UCXrZJ21XLRx9qz2a5gVxw8w,http://www.youtube.com/channel/UCXrZJ21XLRx9qz2a5gVxw8w,QuesadillaSlam
UCXs61J__u9g740c33A9FO_g,http://www.youtube.com/channel/UCXs61J__u9g740c33A9FO_g,FoolishTV
UCXtE168z7GAxYKAIHFOgm8w,http://www.youtube.com/channel/UCXtE168z7GAxYKAIHFOgm8w,TIFF x DAN
UCXwv-QC7M59ZrYyANSNH7NA,http://www.youtube.com/channel/UCXwv-QC7M59ZrYyANSNH7NA,Pixel Partners
UCXxPDFGfs3NJSsTbOy6z1RQ,http://www.youtube.com/channel/UCXxPDFGfs3NJSsTbOy6z1RQ,spades gameing
UCY3F6Ok8c-cT0zc1JA_gQYg,http://www.youtube.com/channel/UCY3F6Ok8c-cT0zc1JA_gQYg,goingtodie fanpage
UCYFs2-4tZxKhvKuBAFydD-A,http://www.youtube.com/channel/UCYFs2-4tZxKhvKuBAFydD-A,MrTommo2304
UCYHBlJ4t3h0MT2cdFa_8c6g,http://www.youtube.com/channel/UCYHBlJ4t3h0MT2cdFa_8c6g,SHINNN Band
UCYIwBA7mwDWnrckXs7gt76Q,http://www.youtube.com/channel/UCYIwBA7mwDWnrckXs7gt76Q,SnapCube
UCYNYvCs1qy-QAiPNMT3xiIw,http://www.youtube.com/channel/UCYNYvCs1qy-QAiPNMT3xiIw,TNH Nebula
UCYPd97fYPCIc7UOiJCBizlQ,http://www.youtube.com/channel/UCYPd97fYPCIc7UOiJCBizlQ,Emperor Cubone
UCYV08GZQhqe7ySLk67IQjhQ,http://www.youtube.com/channel/UCYV08GZQhqe7ySLk67IQjhQ,King of Skill
UCYbC2z3EKcQKy43yE95u-RQ,http://www.youtube.com/channel/UCYbC2z3EKcQKy43yE95u-RQ,NES_BANANA
UCYeh8TNqkRz5HQvI3XHMiQw,http://www.youtube.com/channel/UCYeh8TNqkRz5HQvI3XHMiQw,Slackax
UCYfFEg91TcAmj3QIUl4JilA,http://www.youtube.com/channel/UCYfFEg91TcAmj3QIUl4JilA,Tosin Khaij
UCYg70VVqsoMNp4eCBEiJ7NA,http://www.youtube.com/channel/UCYg70VVqsoMNp4eCBEiJ7NA,Sekiro Dubi
UCYn-cP0-yFjLwlAMFgycOxw,http://www.youtube.com/channel/UCYn-cP0-yFjLwlAMFgycOxw,The Black Mastadonte
UCYpK-5NomXkL5g79jFkKqbw,http://www.youtube.com/channel/UCYpK-5NomXkL5g79jFkKqbw,DBZ World
UCYwOOHF1BZ_hqPVnLnrT_fw,http://www.youtube.com/channel/UCYwOOHF1BZ_hqPVnLnrT_fw,Chill Dude Explains
UCZ2FxWXTP5NoTdC0fUQtRdw,http://www.youtube.com/channel/UCZ2FxWXTP5NoTdC0fUQtRdw,PinkCubed
UCZ4kqZylCiuVREj0eKsCv5g,http://www.youtube.com/channel/UCZ4kqZylCiuVREj0eKsCv5g,Nickincredible
UCZ6SpIbNGs_gKiFSXnJPJgg,http://www.youtube.com/channel/UCZ6SpIbNGs_gKiFSXnJPJgg,Arekko animations
UCZ8Yao3VlUo8-jLQUTImk5g,http://www.youtube.com/channel/UCZ8Yao3VlUo8-jLQUTImk5g,The90sRouter
UCZ9eNfG4gDjYwEVZ-L9_gMA,http://www.youtube.com/channel/UCZ9eNfG4gDjYwEVZ-L9_gMA,Red Fantasy
UCZ9x-z3iOnIbJxVpm1rsu2A,http://www.youtube.com/channel/UCZ9x-z3iOnIbJxVpm1rsu2A,iskall85
UCZF3vR-J-z_ICt5YzoLJjDA,http://www.youtube.com/channel/UCZF3vR-J-z_ICt5YzoLJjDA,ruinedbymateo
UCZFZ_OhaCan2Gic_oBbAurA,http://www.youtube.com/channel/UCZFZ_OhaCan2Gic_oBbAurA,ApprovedTrash 
UCZFmQbJBhDjyBS43eyLniVA,http://www.youtube.com/channel/UCZFmQbJBhDjyBS43eyLniVA,CurtisTheCactus
UCZIFHoS-TPzveTWF-vj0IGA,http://www.youtube.com/channel/UCZIFHoS-TPzveTWF-vj0IGA,Batspecter
UCZQgWENorBkfloYfvrAex3w,http://www.youtube.com/channel/UCZQgWENorBkfloYfvrAex3w,Mo Beats
UCZUyPT9DkJWmS_DzdOi7RIA,http://www.youtube.com/channel/UCZUyPT9DkJWmS_DzdOi7RIA,Caleb Curry
UCZXi8hnfuJ3-JC7Mc5lEckA,http://www.youtube.com/channel/UCZXi8hnfuJ3-JC7Mc5lEckA,Otaku luffy
UCZcZhCOc47UcV6Cnp8o3_Eg,http://www.youtube.com/channel/UCZcZhCOc47UcV6Cnp8o3_Eg,Virtue
UCZgW5ffUPOv1VQBt6CQ0zaQ,http://www.youtube.com/channel/UCZgW5ffUPOv1VQBt6CQ0zaQ,Cass Thompson Career Advice
UCZoxuw6cU3463pR1y4SGyuw,http://www.youtube.com/channel/UCZoxuw6cU3463pR1y4SGyuw,MC ORSEN
UCZy8KS02Jzl9kly5dQZ-fPA,http://www.youtube.com/channel/UCZy8KS02Jzl9kly5dQZ-fPA,Tobey in the MCU
UCZyqZjEHRkwuvESPFa5Esew,http://www.youtube.com/channel/UCZyqZjEHRkwuvESPFa5Esew,FakeWeeb
UC_5YtZsDFsMqK_EKjy1AEqw,http://www.youtube.com/channel/UC_5YtZsDFsMqK_EKjy1AEqw,MarcoWeebBall
UC_62jYuKq0O-K66pjrK5jhQ,http://www.youtube.com/channel/UC_62jYuKq0O-K66pjrK5jhQ,Knox Hill
UC_7UxHE8uXPg4t2q9Z3dA_g,http://www.youtube.com/channel/UC_7UxHE8uXPg4t2q9Z3dA_g,Mr Crafty Scales
UC_8NknAFiyhOUaZqHR3lq3Q,http://www.youtube.com/channel/UC_8NknAFiyhOUaZqHR3lq3Q,Quackity
UC_AbZLY4eTiWe8tv6hmm4_Q,http://www.youtube.com/channel/UC_AbZLY4eTiWe8tv6hmm4_Q,TheRedHeadHenry
UC_AfxSHEcl8BM1EqcV2sDCQ,http://www.youtube.com/channel/UC_AfxSHEcl8BM1EqcV2sDCQ,Qaaman
UC_CNZgSndqSkQV5tIB7yJ7w,http://www.youtube.com/channel/UC_CNZgSndqSkQV5tIB7yJ7w,Pxragon
UC_F3i4sHKon8CwRxvU-SNhA,http://www.youtube.com/channel/UC_F3i4sHKon8CwRxvU-SNhA,KING VADER
UC_Iixk7Qhy24iUU0R_FUDcw,http://www.youtube.com/channel/UC_Iixk7Qhy24iUU0R_FUDcw,AllonaShareeTV
UC_ItCy-BTDCULPpDPlieUKA,http://www.youtube.com/channel/UC_ItCy-BTDCULPpDPlieUKA,GamingWithJen
UC_UmfrFnOnHXX50ebwt3ZxQ,http://www.youtube.com/channel/UC_UmfrFnOnHXX50ebwt3ZxQ,Spaz Boys Comedy
UC_bACUSES68GxtcZ9WZYrDw,http://www.youtube.com/channel/UC_bACUSES68GxtcZ9WZYrDw,wdskysean
UC_hZGqFNB4SWtRlVIQoltHA,http://www.youtube.com/channel/UC_hZGqFNB4SWtRlVIQoltHA,chronocopes
UC_p7CAOoSx8HMmqmMepdOAA,http://www.youtube.com/channel/UC_p7CAOoSx8HMmqmMepdOAA,AseriusDB
UC_pfWHj-M_qJKYNlnjz-8hQ,http://www.youtube.com/channel/UC_pfWHj-M_qJKYNlnjz-8hQ,Jesse's Auditorium
UC_uARzBOLWHtfL7qit6-dFQ,http://www.youtube.com/channel/UC_uARzBOLWHtfL7qit6-dFQ,Mega
UC_uNVy4gFHQoK4VipeNTtmA,http://www.youtube.com/channel/UC_uNVy4gFHQoK4VipeNTtmA,pronto 
UC_ws5alT_ggeNZuXZm3JPiA,http://www.youtube.com/channel/UC_ws5alT_ggeNZuXZm3JPiA,TeddySlump
UC_y9Fro1aYRlPdAHHIMHiJQ,http://www.youtube.com/channel/UC_y9Fro1aYRlPdAHHIMHiJQ,LateNightPies
UCa263zf_H6XnPQppvRKfO8Q,http://www.youtube.com/channel/UCa263zf_H6XnPQppvRKfO8Q,bluest
UCa2N9WjTQ4274jej3i_hFaQ,http://www.youtube.com/channel/UCa2N9WjTQ4274jej3i_hFaQ,るかわ
UCa4I_j0G2xQNhvj_UMQahmQ,http://www.youtube.com/channel/UCa4I_j0G2xQNhvj_UMQahmQ,Nintendo Unity
UCa4hpkACjZclrWJINFnd0vQ,http://www.youtube.com/channel/UCa4hpkACjZclrWJINFnd0vQ,NoxiousNight
UCa6blV3HUk-v1WwO9V4OCvg,http://www.youtube.com/channel/UCa6blV3HUk-v1WwO9V4OCvg,Ankrusa
UCa8vFXA-t4yhT52MNOJbDyw,http://www.youtube.com/channel/UCa8vFXA-t4yhT52MNOJbDyw,VDYCD
UCa9T0y46uK5FzJT-8tLBFeQ,http://www.youtube.com/channel/UCa9T0y46uK5FzJT-8tLBFeQ,RT TV
UCa9_8C9ebEphjva-P7OV7bA,http://www.youtube.com/channel/UCa9_8C9ebEphjva-P7OV7bA,Lollia
UCaCLTzO4iiFMviXpp7mCbzg,http://www.youtube.com/channel/UCaCLTzO4iiFMviXpp7mCbzg,Logic Sarwar
UCaF0bnrGm_TbF0BuF0uMfiw,http://www.youtube.com/channel/UCaF0bnrGm_TbF0BuF0uMfiw,Planet Micro
UCaHT88aobpcvRFEuy4v5Clg,http://www.youtube.com/channel/UCaHT88aobpcvRFEuy4v5Clg,Lessons in Meme Culture
UCaJH8-sCISvCylUGJrguzEg,http://www.youtube.com/channel/UCaJH8-sCISvCylUGJrguzEg,Shae OT
UCaJTjHKERQX_ucIA639CizA,http://www.youtube.com/channel/UCaJTjHKERQX_ucIA639CizA,the Black Goat's King
UCaQE0mqdbGiZFlt-HbQtJhQ,http://www.youtube.com/channel/UCaQE0mqdbGiZFlt-HbQtJhQ,Dmolition
UCaU11-oAKAPPtJbXJ6WolDA,http://www.youtube.com/channel/UCaU11-oAKAPPtJbXJ6WolDA,The Anime Boiis
UCaVfbYBcRmCjwnsgORVppfw,http://www.youtube.com/channel/UCaVfbYBcRmCjwnsgORVppfw,Jus D. Hero
UCaW8siGx8XiSTsuYNJfYquA,http://www.youtube.com/channel/UCaW8siGx8XiSTsuYNJfYquA,highkeyoli
UCaXKudqtVNM8pFvSx-ObYxQ,http://www.youtube.com/channel/UCaXKudqtVNM8pFvSx-ObYxQ,Joe Jenkins
UCaZ2jG4qd1vY-Tkwiq9FBlw,http://www.youtube.com/channel/UCaZ2jG4qd1vY-Tkwiq9FBlw,Rich Black Guy
UCaehIi-BJRu3irH9QNVJPuQ,http://www.youtube.com/channel/UCaehIi-BJRu3irH9QNVJPuQ,Tay's Cup O'Joe
UCafTxNd0F0B-6Y2JVTid5aw,http://www.youtube.com/channel/UCafTxNd0F0B-6Y2JVTid5aw,XAEdaZOE
UCanTQMHypbQ_9O8nJPFfIvQ,http://www.youtube.com/channel/UCanTQMHypbQ_9O8nJPFfIvQ,Tobs
UCapEUiMZuEcXWGlcaBw2i2w,http://www.youtube.com/channel/UCapEUiMZuEcXWGlcaBw2i2w,EssenceKnight
UCaqlCjzSFmunjBOP4EmYpxg,http://www.youtube.com/channel/UCaqlCjzSFmunjBOP4EmYpxg,Team APS
UCatJukNZHj7lg5v_V1CmLFg,http://www.youtube.com/channel/UCatJukNZHj7lg5v_V1CmLFg,Julzdot
UCaxcBWED_UhcjhoG7nUeUoA,http://www.youtube.com/channel/UCaxcBWED_UhcjhoG7nUeUoA,Lilith Walther
UCb0kdPrWMyjn8KaigypI7Uw,http://www.youtube.com/channel/UCb0kdPrWMyjn8KaigypI7Uw,Kemmet
UCb4QQs9bP5AN22ORsfRa3uQ,http://www.youtube.com/channel/UCb4QQs9bP5AN22ORsfRa3uQ,Aeon Eric
UCb51rOaXP2AXq3YNWrjquyw,http://www.youtube.com/channel/UCb51rOaXP2AXq3YNWrjquyw,Dead King
UCb9uT8Mec9NToiAn8harpYA,http://www.youtube.com/channel/UCb9uT8Mec9NToiAn8harpYA,OurEyesYourEyes
UCbJM_Y06iuUOl3hVPqYcvng,http://www.youtube.com/channel/UCbJM_Y06iuUOl3hVPqYcvng,澤野弘之 / SawanoHiroyuki[nZk]
UCbK56pMSOnFAFvhZsXwB1mg,http://www.youtube.com/channel/UCbK56pMSOnFAFvhZsXwB1mg,Marginalumna
UCbNcr0Zb-BnNrAXb7g9b_GQ,http://www.youtube.com/channel/UCbNcr0Zb-BnNrAXb7g9b_GQ,sc6ut
UCbOO8AAqe_FB_qzJRuR9EeQ,http://www.youtube.com/channel/UCbOO8AAqe_FB_qzJRuR9EeQ,Eggy
UCbOPbz4PFbmpzg873hFf80w,http://www.youtube.com/channel/UCbOPbz4PFbmpzg873hFf80w,James x Reacts
UCbT46RpTtZLLri1vhytF5tg,http://www.youtube.com/channel/UCbT46RpTtZLLri1vhytF5tg,Lucas & Tri
UCbTj97i7Up10eoIoJikZ3Uw,http://www.youtube.com/channel/UCbTj97i7Up10eoIoJikZ3Uw,WhatTheiF
UCbU7FSXdzOlrQGwDHhaLgng,http://www.youtube.com/channel/UCbU7FSXdzOlrQGwDHhaLgng,cadode
UCbXr32WUfiwxztQuQwdPelA,http://www.youtube.com/channel/UCbXr32WUfiwxztQuQwdPelA,Bunaye
UCbbAFgxSPXjEF6UR7CNnGIA,http://www.youtube.com/channel/UCbbAFgxSPXjEF6UR7CNnGIA,sabbir
UCbgyHrsV_lge3Qu76UjTEIA,http://www.youtube.com/channel/UCbgyHrsV_lge3Qu76UjTEIA,Un Banned
UCbjWGa00DtvC83Zn-ew0GaA,http://www.youtube.com/channel/UCbjWGa00DtvC83Zn-ew0GaA,killua katana
UCblA8Yo06fykmMpzO28wi9Q,http://www.youtube.com/channel/UCblA8Yo06fykmMpzO28wi9Q,Company Eggs
UCblEjEdgkUH-tV3iNppFu_Q,http://www.youtube.com/channel/UCblEjEdgkUH-tV3iNppFu_Q,KVRO
UCbpj0qpE0rQYYA5tnKBWSDg,http://www.youtube.com/channel/UCbpj0qpE0rQYYA5tnKBWSDg,RISE
UCbrFkFCSr4gtEAT9SJNgwlQ,http://www.youtube.com/channel/UCbrFkFCSr4gtEAT9SJNgwlQ,Ayo Banuso
UCbrpL2bKkLghiZpD-ep0MnQ,http://www.youtube.com/channel/UCbrpL2bKkLghiZpD-ep0MnQ,NandoSTL
UCbv2OBLeYiYe7B6WgPDnLow,http://www.youtube.com/channel/UCbv2OBLeYiYe7B6WgPDnLow,The Normies
UCbvdwZvZgdl-pPyomEmaEfg,http://www.youtube.com/channel/UCbvdwZvZgdl-pPyomEmaEfg,Omoni Oboli TV
UCbvnmX1PJLhWYax598oVS_Q,http://www.youtube.com/channel/UCbvnmX1PJLhWYax598oVS_Q,TeraCMusic
UCbycmCl4hw2WeqQtgWZgvsg,http://www.youtube.com/channel/UCbycmCl4hw2WeqQtgWZgvsg,Filament Vol.
UCc33gH-WEXpSuTYZ5WItDeA,http://www.youtube.com/channel/UCc33gH-WEXpSuTYZ5WItDeA,Aliciaxlife
UCc8Z-QX87IY--16O9unVXpQ,http://www.youtube.com/channel/UCc8Z-QX87IY--16O9unVXpQ,Vetrom
UCcBDDGP59a8SCzYLA_lCkuw,http://www.youtube.com/channel/UCcBDDGP59a8SCzYLA_lCkuw,PapaFearRaiser
UCcCSML-5Jrw9qNkZaaZicTA,http://www.youtube.com/channel/UCcCSML-5Jrw9qNkZaaZicTA,SukebeKun
UCcGbjwzkFFe_vUGmmRIdS7A,http://www.youtube.com/channel/UCcGbjwzkFFe_vUGmmRIdS7A,Kabitron17
UCcH5AxxZffVWuCGJEHrtJXg,http://www.youtube.com/channel/UCcH5AxxZffVWuCGJEHrtJXg,AdventureMase
UCcWKxWb-esc32WFhAGKf-jQ,http://www.youtube.com/channel/UCcWKxWb-esc32WFhAGKf-jQ,Rice & Ginger
UCc_bv_5nmxy2xnPNg9kP3Rg,http://www.youtube.com/channel/UCc_bv_5nmxy2xnPNg9kP3Rg,Teminite
UCccnyrT2NeVDzypO64Dif-A,http://www.youtube.com/channel/UCccnyrT2NeVDzypO64Dif-A,Cilvanis
UCcdX-x5vgEE8s8OS8PRPiog,http://www.youtube.com/channel/UCcdX-x5vgEE8s8OS8PRPiog,Jacob Rare
UCcg2ZqOc5RJKqDdCO_ahxOw,http://www.youtube.com/channel/UCcg2ZqOc5RJKqDdCO_ahxOw,Jake Jones
UCchBatdUMZoMfJ3rIzgV84g,http://www.youtube.com/channel/UCchBatdUMZoMfJ3rIzgV84g,Viva La Dirt League
UCcjFLvLO5QYeXaMNVvMmW8g,http://www.youtube.com/channel/UCcjFLvLO5QYeXaMNVvMmW8g,Jermergerg
UCcjkKqC3bL8uRECpBsO0TGg,http://www.youtube.com/channel/UCcjkKqC3bL8uRECpBsO0TGg,Z7duckx
UCcpHyAn3_qC6gIy2h3Cky8A,http://www.youtube.com/channel/UCcpHyAn3_qC6gIy2h3Cky8A,Bitter Amazake
UCcqCZ6M6YSTYP8zi0S4UErw,http://www.youtube.com/channel/UCcqCZ6M6YSTYP8zi0S4UErw,Serious Mango
UCcrvP_Z93Zts_Xd7UGKH2CQ,http://www.youtube.com/channel/UCcrvP_Z93Zts_Xd7UGKH2CQ,SiM Official YouTube Channel
UCcth5uVYORmu5Cu15ZjpzuQ,http://www.youtube.com/channel/UCcth5uVYORmu5Cu15ZjpzuQ,The Civil Rights Lawyer
UCcvGOIuFH6befwVyElnMI_A,http://www.youtube.com/channel/UCcvGOIuFH6befwVyElnMI_A,SmoughTown
UCcvVzB8kYM51KnDRMnJFnSw,http://www.youtube.com/channel/UCcvVzB8kYM51KnDRMnJFnSw,MaximumVolty
UCcyDNOZ7imG38LSXXDknjpg,http://www.youtube.com/channel/UCcyDNOZ7imG38LSXXDknjpg,Edbound
UCcz_rlToM71BoVRXsWtuCyQ,http://www.youtube.com/channel/UCcz_rlToM71BoVRXsWtuCyQ,Mtang Music
UCd0a6yb5WtTfM_hFkLEaa-w,http://www.youtube.com/channel/UCd0a6yb5WtTfM_hFkLEaa-w,SAGA
UCd3qzZx8QFWIIQaKYhjvOIw,http://www.youtube.com/channel/UCd3qzZx8QFWIIQaKYhjvOIw,MiahTRT
UCd4wcNDdXxRWnJCs0QrxxUw,http://www.youtube.com/channel/UCd4wcNDdXxRWnJCs0QrxxUw,itsMonicaz
UCd5o6bKD_LtmjIRAzEwuIUQ,http://www.youtube.com/channel/UCd5o6bKD_LtmjIRAzEwuIUQ,notL
UCd6zqsJexjaidXZX3oUpBzQ,http://www.youtube.com/channel/UCd6zqsJexjaidXZX3oUpBzQ,yamada asaemon shugen
UCd8wWXk6fSa8b8WaZbpWgvg,http://www.youtube.com/channel/UCd8wWXk6fSa8b8WaZbpWgvg,Jamiroquai Official
UCdA2hPQX4GB149V0RvjN3Mw,http://www.youtube.com/channel/UCdA2hPQX4GB149V0RvjN3Mw,RXDXVIL
UCdDUQXyzJl3x3a8I0YtmteQ,http://www.youtube.com/channel/UCdDUQXyzJl3x3a8I0YtmteQ,Super Saiyan Jutsu
UCdGyaKUgO9hM2C0cH-Xe8LQ,http://www.youtube.com/channel/UCdGyaKUgO9hM2C0cH-Xe8LQ,옹발이 ONGBAL
UCdHyT2KUePHHqu-_Q6MVjzQ,http://www.youtube.com/channel/UCdHyT2KUePHHqu-_Q6MVjzQ,Berlin
UCdIBofFtcCxf1Z-g57txrIw,http://www.youtube.com/channel/UCdIBofFtcCxf1Z-g57txrIw,LlamaLoops
UCdImtrRS4UewEbPdnF8R4qw,http://www.youtube.com/channel/UCdImtrRS4UewEbPdnF8R4qw,ChippyGaming
UCdJdEguB1F1CiYe7OEi3SBg,http://www.youtube.com/channel/UCdJdEguB1F1CiYe7OEi3SBg,JonTronShow
UCdKM-HmJY9ndpsG3lTT7eaA,http://www.youtube.com/channel/UCdKM-HmJY9ndpsG3lTT7eaA,Monkii
UCdLfT7h_6FkwgbAhOFivWrg,http://www.youtube.com/channel/UCdLfT7h_6FkwgbAhOFivWrg,A Scrub For Hire
UCdQ4L8gCZw1E6Q4KbDQpFhQ,http://www.youtube.com/channel/UCdQ4L8gCZw1E6Q4KbDQpFhQ,haker ananasek
UCdQpTWtch6Kv7QoXivffgYA,http://www.youtube.com/channel/UCdQpTWtch6Kv7QoXivffgYA,Tenebrix
UCdUVFXnoEPfcj8_0Gpg31sA,http://www.youtube.com/channel/UCdUVFXnoEPfcj8_0Gpg31sA,A_A_RonHD
UCdWwnBGgCbL8EOpD15R8Sog,http://www.youtube.com/channel/UCdWwnBGgCbL8EOpD15R8Sog,Hand L
UCdY8kV1uRA_k7WozkflZ1mw,http://www.youtube.com/channel/UCdY8kV1uRA_k7WozkflZ1mw,Bryan
UCdZOYPZ94H1vta6YfH6Tzcw,http://www.youtube.com/channel/UCdZOYPZ94H1vta6YfH6Tzcw,AnimeSDZ
UCdfdwAaszBA9iRv3B35Ar4A,http://www.youtube.com/channel/UCdfdwAaszBA9iRv3B35Ar4A,Vibe Shuffle
UCdhh4lLoOH5pTHfz-7pQdVw,http://www.youtube.com/channel/UCdhh4lLoOH5pTHfz-7pQdVw,The Siron Show
UCdjZePAhOzmcDDmPuG5TbnA,http://www.youtube.com/channel/UCdjZePAhOzmcDDmPuG5TbnA,AlsoMij Reacts
UCdkBJiRanBKTRDQJ5ZUvdeA,http://www.youtube.com/channel/UCdkBJiRanBKTRDQJ5ZUvdeA,ADV
UCdkbMNycgcuEc7RFdCHc54Q,http://www.youtube.com/channel/UCdkbMNycgcuEc7RFdCHc54Q,Davi Vasc
UCdnJJrDUl-y_ryelLMslxkQ,http://www.youtube.com/channel/UCdnJJrDUl-y_ryelLMslxkQ,Brat TV
UCdngmbVKX1Tgre699-XLlUA,http://www.youtube.com/channel/UCdngmbVKX1Tgre699-XLlUA,TechWorld with Nana
UCdnteqJUEFetgKgWItToLHg,http://www.youtube.com/channel/UCdnteqJUEFetgKgWItToLHg,adef
UCdpfQWie2gS-DdZLvrcQL6Q,http://www.youtube.com/channel/UCdpfQWie2gS-DdZLvrcQL6Q,Gumbino
UCdvMQNuEy165hEJQ5qOksQg,http://www.youtube.com/channel/UCdvMQNuEy165hEJQ5qOksQg,Codenamesuper
UCdzEHB0a2A7lHrMGN2zTRiw,http://www.youtube.com/channel/UCdzEHB0a2A7lHrMGN2zTRiw,KALSKingdom
UCe-2dqaygPBDrCTpWJ_fJzA,http://www.youtube.com/channel/UCe-2dqaygPBDrCTpWJ_fJzA,Josuke Channel
UCe-9sObKa-7NPf8wahXBhig,http://www.youtube.com/channel/UCe-9sObKa-7NPf8wahXBhig,Hundred
UCe0DNp0mKMqrYVaTundyr9w,http://www.youtube.com/channel/UCe0DNp0mKMqrYVaTundyr9w,VaatiVidya
UCe0TtYkj9OlhdQWSi9JrqVQ,http://www.youtube.com/channel/UCe0TtYkj9OlhdQWSi9JrqVQ,Mondo's Other Channel
UCe1GhX-KqmGFcWkFgkyMwRw,http://www.youtube.com/channel/UCe1GhX-KqmGFcWkFgkyMwRw,Tricker
UCe1ZGw7-rOh-BpigrX1zYOg,http://www.youtube.com/channel/UCe1ZGw7-rOh-BpigrX1zYOg,BjornTheBear
UCe4VGUgUbhiTJ2vlsq1sfig,http://www.youtube.com/channel/UCe4VGUgUbhiTJ2vlsq1sfig,Phazon
UCe5riU7C2ytyWnoVe4t8Ecg,http://www.youtube.com/channel/UCe5riU7C2ytyWnoVe4t8Ecg,Kanra
UCe82o8G7z0bFXI2U092nteA,http://www.youtube.com/channel/UCe82o8G7z0bFXI2U092nteA,Will Stetson
UCe99rWETP-MludmmCqUuBRw,http://www.youtube.com/channel/UCe99rWETP-MludmmCqUuBRw,TVアニメ【推しの子】公式チャンネル
UCe9Srnuecx5i9d4JyI6Ah2g,http://www.youtube.com/channel/UCe9Srnuecx5i9d4JyI6Ah2g,Korie Mckennedy
UCeF5osCH8D2RW17PlsUSCdA,http://www.youtube.com/channel/UCeF5osCH8D2RW17PlsUSCdA,Ken Senpai
UCeGYma-FRI2Ftjji8Caom6g,http://www.youtube.com/channel/UCeGYma-FRI2Ftjji8Caom6g,Nollaf
UCeHmUlQW5bEYA-tT16ZJPMg,http://www.youtube.com/channel/UCeHmUlQW5bEYA-tT16ZJPMg,The React Pack
UCeIoUgUleumj_O4wPlcCn2A,http://www.youtube.com/channel/UCeIoUgUleumj_O4wPlcCn2A,Nimura
UCeMQAl5TKdxvRd3kNxhlsQA,http://www.youtube.com/channel/UCeMQAl5TKdxvRd3kNxhlsQA,Tsunscreen
UCeVYu1VvP2Tdpm7WCp3_VkA,http://www.youtube.com/channel/UCeVYu1VvP2Tdpm7WCp3_VkA,Comickey
UCeZodk5zRQFCR5zj5T1MO4Q,http://www.youtube.com/channel/UCeZodk5zRQFCR5zj5T1MO4Q,JohneAwesome
UCeZwJzXQHWyU3jEK60G1Njw,http://www.youtube.com/channel/UCeZwJzXQHWyU3jEK60G1Njw,xForts
UCeeFfhMcJa1kjtfZAGskOCA,http://www.youtube.com/channel/UCeeFfhMcJa1kjtfZAGskOCA,TechLinked
UCegz8ZLMlYOoBay9LSPofmg,http://www.youtube.com/channel/UCegz8ZLMlYOoBay9LSPofmg,BlackGoku
UCeiWUQ91VeNSQQF2ym27QdQ,http://www.youtube.com/channel/UCeiWUQ91VeNSQQF2ym27QdQ,Mysticfirezone
UCemS3jDAaawbLtumalZktKA,http://www.youtube.com/channel/UCemS3jDAaawbLtumalZktKA,Tekking1001
UCeo3JUEsPIaeowbIkdu9AXg,http://www.youtube.com/channel/UCeo3JUEsPIaeowbIkdu9AXg,Swagkage
UCeq9MFIgcy9t4VdWYdks_xw,http://www.youtube.com/channel/UCeq9MFIgcy9t4VdWYdks_xw,Kunta Kobra
UCez0X7UuR9bAiuCcS3QAV_A,http://www.youtube.com/channel/UCez0X7UuR9bAiuCcS3QAV_A,Reel-Time
UCf2MceGBkFQgIPFQxwPwRGw,http://www.youtube.com/channel/UCf2MceGBkFQgIPFQxwPwRGw,The Nameless Saiyan
UCf36nsZu2yQ-iDO8cv0GCoQ,http://www.youtube.com/channel/UCf36nsZu2yQ-iDO8cv0GCoQ,Blue Ryai
UCf6mXsWmBqxQVnbpm1H__xQ,http://www.youtube.com/channel/UCf6mXsWmBqxQVnbpm1H__xQ,pwnedJackie
UCf7UHACm30WHcsGYQuPGCDA,http://www.youtube.com/channel/UCf7UHACm30WHcsGYQuPGCDA,Jr OG
UCf7gcN85mfGip9FNyxwziTA,http://www.youtube.com/channel/UCf7gcN85mfGip9FNyxwziTA,Random Man
UCf8g2lLgWl1RLdrDx2m4CBA,http://www.youtube.com/channel/UCf8g2lLgWl1RLdrDx2m4CBA,Sir Swish
UCf8gbZ4ZyNcc9WIOOEEfpSQ,http://www.youtube.com/channel/UCf8gbZ4ZyNcc9WIOOEEfpSQ,For Purpose Driven Men
UCfFkyekUSMYF_Gx0LBIWdOg,http://www.youtube.com/channel/UCfFkyekUSMYF_Gx0LBIWdOg,Ah Lecks
UCfGmaA-nXPryTfimsnkLieQ,http://www.youtube.com/channel/UCfGmaA-nXPryTfimsnkLieQ,Chibi Reviews
UCfIXdjDQH9Fau7y99_Orpjw,http://www.youtube.com/channel/UCfIXdjDQH9Fau7y99_Orpjw,Gorillaz
UCfJiPRRoNH0M4ljDa48lZNA,http://www.youtube.com/channel/UCfJiPRRoNH0M4ljDa48lZNA,Bentley Jones Official
UCfOgNbOssMnoN4j-MozYmmg,http://www.youtube.com/channel/UCfOgNbOssMnoN4j-MozYmmg,Dillon Gerrity
UCfTP_SGj2ZGnDXF5xWJGPRA,http://www.youtube.com/channel/UCfTP_SGj2ZGnDXF5xWJGPRA,Headband Andy
UCfU7XVpkkOdjqLEC9y-JkfA,http://www.youtube.com/channel/UCfU7XVpkkOdjqLEC9y-JkfA,fresh
UCfXCwL3dGmbcv1EiwNg24lg,http://www.youtube.com/channel/UCfXCwL3dGmbcv1EiwNg24lg,Ricarlo Skits
UCfYV42dBZipAMNdcF1eYZBw,http://www.youtube.com/channel/UCfYV42dBZipAMNdcF1eYZBw,MandoPony
UCfeIjx3Nsuu7VQO7V_UOMeg,http://www.youtube.com/channel/UCfeIjx3Nsuu7VQO7V_UOMeg,Salad Saiyan
UCfnCdA15zMfu3Cd6pv3PkkQ,http://www.youtube.com/channel/UCfnCdA15zMfu3Cd6pv3PkkQ,JellyfishJar
UCfw16zMzuLuvA-Xl0F4OorQ,http://www.youtube.com/channel/UCfw16zMzuLuvA-Xl0F4OorQ,Zman G
UCg5vmPKeJYpaBv4RTnjlTog,http://www.youtube.com/channel/UCg5vmPKeJYpaBv4RTnjlTog,KoreanSwede
UCg6BKZDQOk5HKdx8bch3Tjw,http://www.youtube.com/channel/UCg6BKZDQOk5HKdx8bch3Tjw,Tron Austin
UCg8Xrc81Cf9OIl-a83cHa7Q,http://www.youtube.com/channel/UCg8Xrc81Cf9OIl-a83cHa7Q,sockrteez
UCg9isnie-qBpPIWx4ZQOnJw,http://www.youtube.com/channel/UCg9isnie-qBpPIWx4ZQOnJw,yuyuslivestreamdiary
UCgAELsKj4hf79RO7DW32D1A,http://www.youtube.com/channel/UCgAELsKj4hf79RO7DW32D1A,Nevets Giarc
UCgFPVrr2lJVm0fiqqY0UtAQ,http://www.youtube.com/channel/UCgFPVrr2lJVm0fiqqY0UtAQ,Koen Lowe
UCgFTA9chbi0fMrHci016P8w,http://www.youtube.com/channel/UCgFTA9chbi0fMrHci016P8w,Bored Arcade
UCgIqhB8oD5SZ0yUSp71VCOQ,http://www.youtube.com/channel/UCgIqhB8oD5SZ0yUSp71VCOQ,Geekdom101
UCgNTbrlCS9wY6mQM2cbeUpQ,http://www.youtube.com/channel/UCgNTbrlCS9wY6mQM2cbeUpQ,Typhoon
UCgP3GbgbuVzAhlctGU5yuPA,http://www.youtube.com/channel/UCgP3GbgbuVzAhlctGU5yuPA,キタニタツヤ / Tatsuya Kitani
UCgTaH6nm8sby0hpb2DSKNhg,http://www.youtube.com/channel/UCgTaH6nm8sby0hpb2DSKNhg,Boffy
UCgTeI1JfRGHfCLjJpxf0oVw,http://www.youtube.com/channel/UCgTeI1JfRGHfCLjJpxf0oVw,King Soda
UCgbSlk6adJE3WH33LdBxcbw,http://www.youtube.com/channel/UCgbSlk6adJE3WH33LdBxcbw,Maishida
UCghsIfUqosatEmurGRvDh2g,http://www.youtube.com/channel/UCghsIfUqosatEmurGRvDh2g,RecruitBoi
UCgnr2Lkl1LZf0IOKRDAoJ2g,http://www.youtube.com/channel/UCgnr2Lkl1LZf0IOKRDAoJ2g,Amit Thinks
UCgynEJE74YnmO-bTb1WFdQg,http://www.youtube.com/channel/UCgynEJE74YnmO-bTb1WFdQg,disco ballad
UCh0f5Y6CB9ApaGGY-UTieTQ,http://www.youtube.com/channel/UCh0f5Y6CB9ApaGGY-UTieTQ,KIECA
UChAHYPBvyaQIpjyTSdQhOMQ,http://www.youtube.com/channel/UChAHYPBvyaQIpjyTSdQhOMQ,FalKKonE
UChDMtw7K4B_21x3JCOSuA_A,http://www.youtube.com/channel/UChDMtw7K4B_21x3JCOSuA_A,SIXER
UChHIvS0vmG2_oc6-5m76-6g,http://www.youtube.com/channel/UChHIvS0vmG2_oc6-5m76-6g,Dawn of the World
UChJ73nb9I4Xq1bzc0a-j-pQ,http://www.youtube.com/channel/UChJ73nb9I4Xq1bzc0a-j-pQ,YaBoyRoshi
UChLTSjtJg52GfxycB80Pc-g,http://www.youtube.com/channel/UChLTSjtJg52GfxycB80Pc-g,生亀麺
UChPgIvk9eqfkl4WEN8ge-5A,http://www.youtube.com/channel/UChPgIvk9eqfkl4WEN8ge-5A,The Nope
UChRIVKLtiVhR6god7AikcIA,http://www.youtube.com/channel/UChRIVKLtiVhR6god7AikcIA,Patternpattern
UChU3JRloULzdFX3aCu7BiSA,http://www.youtube.com/channel/UChU3JRloULzdFX3aCu7BiSA,DreamXD
UChYX6SMJ3SIPDUtrOHqZBzg,http://www.youtube.com/channel/UChYX6SMJ3SIPDUtrOHqZBzg,Faxityy
UChbNoC83H-jO2kW_I_LmXHg,http://www.youtube.com/channel/UChbNoC83H-jO2kW_I_LmXHg,EMMOTION by Marat
UChcVdd6LL1A56GZRp7lOZEw,http://www.youtube.com/channel/UChcVdd6LL1A56GZRp7lOZEw,Manga Adventures
UChex1vr4WtFu-OsAukjuYCA,http://www.youtube.com/channel/UChex1vr4WtFu-OsAukjuYCA,MILLENNIUM PARADE Official YouTube Channel
UChhV59He9mNKdDpBgYH-cow,http://www.youtube.com/channel/UChhV59He9mNKdDpBgYH-cow,Nouzen
UChmZkdugBmAP_zpyzayv6VQ,http://www.youtube.com/channel/UChmZkdugBmAP_zpyzayv6VQ,The Marías
UChpKl3waLmccNeYH9LGYjUQ,http://www.youtube.com/channel/UChpKl3waLmccNeYH9LGYjUQ,Laufey
UChqpjvmdcb4avbPbJWVlQYw,http://www.youtube.com/channel/UChqpjvmdcb4avbPbJWVlQYw,Lythero Streams
UChqs6XJ0zW62GfYXV62xGOg,http://www.youtube.com/channel/UChqs6XJ0zW62GfYXV62xGOg,IlexEmily
UChv6ullOp7-gu1Cc3isvDZQ,http://www.youtube.com/channel/UChv6ullOp7-gu1Cc3isvDZQ,bartuscus
UChwGSPYpFUgsjoW4cqd_evw,http://www.youtube.com/channel/UChwGSPYpFUgsjoW4cqd_evw,ooloh
UChzCoQgVaFWv_akaA6JI7mg,http://www.youtube.com/channel/UChzCoQgVaFWv_akaA6JI7mg,Milky Queen Vsinger
UChzEDFEMdQJOSorMtX5qKJQ,http://www.youtube.com/channel/UChzEDFEMdQJOSorMtX5qKJQ,FloydLorenz
UCi-dcRS6Qy8F-wSHxEwxJFg,http://www.youtube.com/channel/UCi-dcRS6Qy8F-wSHxEwxJFg,Amerikaner
UCi5WJ5kJd-tH_-ISpA8b-Gg,http://www.youtube.com/channel/UCi5WJ5kJd-tH_-ISpA8b-Gg,J-Stars
UCi8duCngv5nxBINxqxPv83w,http://www.youtube.com/channel/UCi8duCngv5nxBINxqxPv83w,Curruff
UCiAZbZ6WEXvWa3Z9KU14OVQ,http://www.youtube.com/channel/UCiAZbZ6WEXvWa3Z9KU14OVQ,Seanongang
UCiAjZRXzSLaZDXMCYhwVbMQ,http://www.youtube.com/channel/UCiAjZRXzSLaZDXMCYhwVbMQ,Kelm
UCiER8p540j2SosO7OX7E0VA,http://www.youtube.com/channel/UCiER8p540j2SosO7OX7E0VA,Legends of Avantris
UCiFdfRZY1PffNFNAWsDUSEg,http://www.youtube.com/channel/UCiFdfRZY1PffNFNAWsDUSEg,BoomSentai
UCiGGX_aJeyNHzD7uFwjoO1Q,http://www.youtube.com/channel/UCiGGX_aJeyNHzD7uFwjoO1Q,Vermee 2
UCiHhaMRk4HEc92KHOgEyvfw,http://www.youtube.com/channel/UCiHhaMRk4HEc92KHOgEyvfw,Froggy Kaeru Ch.
UCiHviuNebU1STYvby0jspnw,http://www.youtube.com/channel/UCiHviuNebU1STYvby0jspnw,ColeLector
UCiMm5csnl5xQHZ1i9ykueQQ,http://www.youtube.com/channel/UCiMm5csnl5xQHZ1i9ykueQQ,Glorb
UCiSVf-UpLC9rRjAT1qRTW0g,http://www.youtube.com/channel/UCiSVf-UpLC9rRjAT1qRTW0g,Forge Labs
UCiWVjvV6Gh2-q3PSHjwDY4w,http://www.youtube.com/channel/UCiWVjvV6Gh2-q3PSHjwDY4w,にわか侍
UCiYcA0gJzg855iSKMrX3oHg,http://www.youtube.com/channel/UCiYcA0gJzg855iSKMrX3oHg,CoryxKenshin
UCiaoKn9QpG2dHv4tg0jBKuA,http://www.youtube.com/channel/UCiaoKn9QpG2dHv4tg0jBKuA,ROMI (HelloROMIX)
UCicz02U8ymn0TPAW61jaoBQ,http://www.youtube.com/channel/UCicz02U8ymn0TPAW61jaoBQ,Total DumbAss Official
UCidJxCdplUJrbAwpKDZGm5w,http://www.youtube.com/channel/UCidJxCdplUJrbAwpKDZGm5w,vibingleaf
UCigzBF9CYd7GQPhXHtU7-Tw,http://www.youtube.com/channel/UCigzBF9CYd7GQPhXHtU7-Tw,Joe Zieja
UCioBjXUOUdvxC-Sfh2V3Fgg,http://www.youtube.com/channel/UCioBjXUOUdvxC-Sfh2V3Fgg,LilyScoot
UCivH06od-2EENq6ibm4LZiw,http://www.youtube.com/channel/UCivH06od-2EENq6ibm4LZiw,Dobbs
UCiwFcYaaqDSkzaA0CipV2BA,http://www.youtube.com/channel/UCiwFcYaaqDSkzaA0CipV2BA,nerdSlayer Studios
UCixdB2L-QieU-mGXXLwQirg,http://www.youtube.com/channel/UCixdB2L-QieU-mGXXLwQirg,VACATIONS
UCj-Hs9XuzY15HE1q5R_GnJQ,http://www.youtube.com/channel/UCj-Hs9XuzY15HE1q5R_GnJQ,manlikeisaac
UCj0rXN_Aq8gLhB0TfsHau8w,http://www.youtube.com/channel/UCj0rXN_Aq8gLhB0TfsHau8w,TheLawYGO
UCj8mAcR6Mu1dvaXQ6BdShRQ,http://www.youtube.com/channel/UCj8mAcR6Mu1dvaXQ6BdShRQ,The Masked Man
UCjDRHNdBedfuqXpkmg3FmfQ,http://www.youtube.com/channel/UCjDRHNdBedfuqXpkmg3FmfQ,HH
UCjGcV6dZy_9U5-QvJnz0knw,http://www.youtube.com/channel/UCjGcV6dZy_9U5-QvJnz0knw,teddymecheto
UCjM3N5ECLFANFhFuKJBspBA,http://www.youtube.com/channel/UCjM3N5ECLFANFhFuKJBspBA,JamiUwU
UCjYa6-NgxnghkAgO3aFt0YA,http://www.youtube.com/channel/UCjYa6-NgxnghkAgO3aFt0YA,Lonely's 2nd archives
UCjZEm8F0tBB-PbDs8mwbSZQ,http://www.youtube.com/channel/UCjZEm8F0tBB-PbDs8mwbSZQ,AG Mad AFK
UCjc4gdnslSApMXUsAqHJYyA,http://www.youtube.com/channel/UCjc4gdnslSApMXUsAqHJYyA,quannnic
UCjc_DjFkhnxgh0H9Ao3QJZQ,http://www.youtube.com/channel/UCjc_DjFkhnxgh0H9Ao3QJZQ,Mr_Shoemonster
UCjfAEJZdfbIjVHdo5yODfyQ,http://www.youtube.com/channel/UCjfAEJZdfbIjVHdo5yODfyQ,MAPPA CHANNEL
UCjgd4--GGcGAnMHvHX7WCjg,http://www.youtube.com/channel/UCjgd4--GGcGAnMHvHX7WCjg,Sideflip
UCjpPkxv_YIr2jLGvQ-eZz9A,http://www.youtube.com/channel/UCjpPkxv_YIr2jLGvQ-eZz9A,Undead Chronic
UCjq4ytILP4tz9Rr9F0OEqnA,http://www.youtube.com/channel/UCjq4ytILP4tz9Rr9F0OEqnA,molo
UCjqfy2FPDPC2KjHioowZCRw,http://www.youtube.com/channel/UCjqfy2FPDPC2KjHioowZCRw,WreyT
UCjrLZ_6QvQmzlWNpHl9U0iQ,http://www.youtube.com/channel/UCjrLZ_6QvQmzlWNpHl9U0iQ,GamerGoku
UCjszAdSmFg_0pOX671JR6eA,http://www.youtube.com/channel/UCjszAdSmFg_0pOX671JR6eA,Feyxd
UCjtl9NRA5cJxKceGf1Y8FgQ,http://www.youtube.com/channel/UCjtl9NRA5cJxKceGf1Y8FgQ,Cell 
UCjuAuVO76nZ0mjYzdz3961Q,http://www.youtube.com/channel/UCjuAuVO76nZ0mjYzdz3961Q,ルシノ / rusino
UCjvh7fV-3m2wCSnneDpYyIw,http://www.youtube.com/channel/UCjvh7fV-3m2wCSnneDpYyIw,Jake Retake
UCjxBwyx2ejyMkzgBexAxfBw,http://www.youtube.com/channel/UCjxBwyx2ejyMkzgBexAxfBw,CrystAAHHL
UCjyJp3nzLzi7b9-0YEHaf_g,http://www.youtube.com/channel/UCjyJp3nzLzi7b9-0YEHaf_g,Possible PureNous
UCk20cSRhH_ms_Yk1AZItFqA,http://www.youtube.com/channel/UCk20cSRhH_ms_Yk1AZItFqA,starsetonline
UCk4FQC9sL5ugSt_Kvr9fAxA,http://www.youtube.com/channel/UCk4FQC9sL5ugSt_Kvr9fAxA,Siano Animator
UCk4o4gWFuU2YTS50ym4RbXg,http://www.youtube.com/channel/UCk4o4gWFuU2YTS50ym4RbXg,Heavenly Controller
UCk5wwESSr3nh0e03G7bHi1Q,http://www.youtube.com/channel/UCk5wwESSr3nh0e03G7bHi1Q,Defiant With Style
UCk8a6pl-NRlJMim6PX9Koag,http://www.youtube.com/channel/UCk8a6pl-NRlJMim6PX9Koag,Token animation 
UCkBPDp4Dn7ugmjgYILUy37Q,http://www.youtube.com/channel/UCkBPDp4Dn7ugmjgYILUy37Q,JCbackfire
UCkEQMdX3IrP0kysN8r_LZOA,http://www.youtube.com/channel/UCkEQMdX3IrP0kysN8r_LZOA,Slimenese
UCkOX7k0pv-_ZeAe1IzZHZvg,http://www.youtube.com/channel/UCkOX7k0pv-_ZeAe1IzZHZvg,MYTH & ROID
UCkRByFN6eWfRjUH0MajJhBw,http://www.youtube.com/channel/UCkRByFN6eWfRjUH0MajJhBw,LittleVMills
UCkSBoSHO4bgyrASvTiXu6XQ,http://www.youtube.com/channel/UCkSBoSHO4bgyrASvTiXu6XQ,Rick Dot
UCkZzqWuVLpRWXd6BHMRA5Wg,http://www.youtube.com/channel/UCkZzqWuVLpRWXd6BHMRA5Wg,TinySonix Hedgehog
UCkbZZsBpZ7VLykAIDhKvAmA,http://www.youtube.com/channel/UCkbZZsBpZ7VLykAIDhKvAmA,Chewie Melodies
UCkc-LQvbM-9l5P49a-6-xGw,http://www.youtube.com/channel/UCkc-LQvbM-9l5P49a-6-xGw,BONESAW
UCke3chAPDGjVNaaanOfB7yA,http://www.youtube.com/channel/UCke3chAPDGjVNaaanOfB7yA,Amon
UCkfTUab0xxTMPRTNgs9vMCQ,http://www.youtube.com/channel/UCkfTUab0xxTMPRTNgs9vMCQ,ChippysCouch
UCkjVpsPblXQNw79CdJpg4Dw,http://www.youtube.com/channel/UCkjVpsPblXQNw79CdJpg4Dw,DRC The Gamer
UCkktpP8q7dLkpmOotpKG1EA,http://www.youtube.com/channel/UCkktpP8q7dLkpmOotpKG1EA,CG4562
UCkmaMkDzRzP4_AmrZVfwfcQ,http://www.youtube.com/channel/UCkmaMkDzRzP4_AmrZVfwfcQ,Limit Breakers
UCkpblZ0sftGK5skZkF_Ku4w,http://www.youtube.com/channel/UCkpblZ0sftGK5skZkF_Ku4w,AwakeProductions!
UCktPkW_bFfOLIUa1mYSBteg,http://www.youtube.com/channel/UCktPkW_bFfOLIUa1mYSBteg,2Spooky
UCkuKT3NFjLEgS_m86hYFAag,http://www.youtube.com/channel/UCkuKT3NFjLEgS_m86hYFAag,Jjnq5
UCkx82V4JGMUIjs0eL45bXXg,http://www.youtube.com/channel/UCkx82V4JGMUIjs0eL45bXXg,Pharozen
UCl-HsPUNy4O7LAmiTFzl_6A,http://www.youtube.com/channel/UCl-HsPUNy4O7LAmiTFzl_6A,VLAYD
UCl13ARu8NTOESppJeYN2sfg,http://www.youtube.com/channel/UCl13ARu8NTOESppJeYN2sfg,KASH KRABS RECORDS
UCl1DAD3GbeuAhjd41ckgoKA,http://www.youtube.com/channel/UCl1DAD3GbeuAhjd41ckgoKA,RabSoPetty
UCl2qXNHvpjHldVFM-_ENM9Q,http://www.youtube.com/channel/UCl2qXNHvpjHldVFM-_ENM9Q,AniMelody – Anime Music
UCl4pUOG5NK3_t5nA5NAuLZg,http://www.youtube.com/channel/UCl4pUOG5NK3_t5nA5NAuLZg,DitzyFlama
UCl7cVzHngS0kg51TPrDbqlg,http://www.youtube.com/channel/UCl7cVzHngS0kg51TPrDbqlg,Shadow Music
UCl8aXp1tM8GNCMGz95Faxtg,http://www.youtube.com/channel/UCl8aXp1tM8GNCMGz95Faxtg,Six
UClHVl2N3jPEbkNJVx-ItQIQ,http://www.youtube.com/channel/UClHVl2N3jPEbkNJVx-ItQIQ,HealthyGamerGG
UClOnJwSzSOKMh_tvCkIFRbQ,http://www.youtube.com/channel/UClOnJwSzSOKMh_tvCkIFRbQ,Fredo on TV
UClXtMDbN6wF9taSaiaDhHVg,http://www.youtube.com/channel/UClXtMDbN6wF9taSaiaDhHVg,RobTV
UClYH1bSB_UQHd0KBWPLqUfQ,http://www.youtube.com/channel/UClYH1bSB_UQHd0KBWPLqUfQ,BragonGod
UClfm3A95dE_gknLSXNvSk3Q,http://www.youtube.com/channel/UClfm3A95dE_gknLSXNvSk3Q,Nala Lie
UClmAn3WIuyrxgOzbwK67ApQ,http://www.youtube.com/channel/UClmAn3WIuyrxgOzbwK67ApQ,CozMix
UCln9P4Qm3-EAY4aiEPmRwEA,http://www.youtube.com/channel/UCln9P4Qm3-EAY4aiEPmRwEA,Ado
UClrlnhkNR3f0JtCp4NlKqrg,http://www.youtube.com/channel/UClrlnhkNR3f0JtCp4NlKqrg,olawoolo
UClvvgi9mKfk1zPV18dFBjVQ,http://www.youtube.com/channel/UClvvgi9mKfk1zPV18dFBjVQ,SOSOKA
UCm0qsuAG6RN2FYKZ_r1nPyg,http://www.youtube.com/channel/UCm0qsuAG6RN2FYKZ_r1nPyg,羊文学
UCm7QLYIb6n1IHULnHd5RFRQ,http://www.youtube.com/channel/UCm7QLYIb6n1IHULnHd5RFRQ,ぷろと_PRT
UCm8F_0hftQS85I0dqPf4SxQ,http://www.youtube.com/channel/UCm8F_0hftQS85I0dqPf4SxQ,GeoffPlaysGuitar
UCm8YgDXpUL-VR7kZhjHXRDQ,http://www.youtube.com/channel/UCm8YgDXpUL-VR7kZhjHXRDQ,Pexto
UCm9UaqcjedkALtwlbdw4ECQ,http://www.youtube.com/channel/UCm9UaqcjedkALtwlbdw4ECQ,AJ's Life
UCmA-0j6DRVQWo4skl8Otkiw,http://www.youtube.com/channel/UCmA-0j6DRVQWo4skl8Otkiw,Comicstorian
UCmEGwhvqG5JQSKSGk01b5iA,http://www.youtube.com/channel/UCmEGwhvqG5JQSKSGk01b5iA,Townzie
UCmE_3YpSO8VAAkl9YPEndeA,http://www.youtube.com/channel/UCmE_3YpSO8VAAkl9YPEndeA,Kai Swervo
UCmGSJVG3mCRXVOP4yZrU1Dw,http://www.youtube.com/channel/UCmGSJVG3mCRXVOP4yZrU1Dw,Johnny Harris
UCmOsc508LMckCgGtveBDDJA,http://www.youtube.com/channel/UCmOsc508LMckCgGtveBDDJA,Fin Smith
UCmRDsvTdGo80s5w8uieFtZA,http://www.youtube.com/channel/UCmRDsvTdGo80s5w8uieFtZA,TSU Sensei
UCmSp4bDxS9R0jpeZEvkut2g,http://www.youtube.com/channel/UCmSp4bDxS9R0jpeZEvkut2g,Beluga
UCmVzL8DolQO-WWhn4ZUqhYA,http://www.youtube.com/channel/UCmVzL8DolQO-WWhn4ZUqhYA,meatwagon22
UCmX3CItw7Ajxk_3GJjpP77w,http://www.youtube.com/channel/UCmX3CItw7Ajxk_3GJjpP77w,Shyzuli うう
UCmjymvhGglJdFaAzhPrxkOQ,http://www.youtube.com/channel/UCmjymvhGglJdFaAzhPrxkOQ,Gabe Cataldi
UCmlO0uKVlFc-S4XAbIaP4Mg,http://www.youtube.com/channel/UCmlO0uKVlFc-S4XAbIaP4Mg,Agent Mystery Meat
UCmoQnjE7kiEPfYXwhdv32GQ,http://www.youtube.com/channel/UCmoQnjE7kiEPfYXwhdv32GQ,TEJIDOTCOM
UCmqqjrM4TauKG-Uyurxt4hg,http://www.youtube.com/channel/UCmqqjrM4TauKG-Uyurxt4hg,PlayBox
UCmwmrRYfgMbGaQJTDXAsN_w,http://www.youtube.com/channel/UCmwmrRYfgMbGaQJTDXAsN_w,Rayden
UCmzUN9l2gjbHiPDmW7brIAA,http://www.youtube.com/channel/UCmzUN9l2gjbHiPDmW7brIAA,Tony Statovci
UCmzmZnsWd1etH71rBYvFNww,http://www.youtube.com/channel/UCmzmZnsWd1etH71rBYvFNww,Epsonea_482
UCn-OLP-JQNnfUVlI5Tsu1-w,http://www.youtube.com/channel/UCn-OLP-JQNnfUVlI5Tsu1-w,Doom Wolf
UCn-uhlQmEajH8TRKcphdRhA,http://www.youtube.com/channel/UCn-uhlQmEajH8TRKcphdRhA,Kevin Bessey
UCn3h6LOHHALY4mYH8XAU5eg,http://www.youtube.com/channel/UCn3h6LOHHALY4mYH8XAU5eg,Kato
UCnFRNkRPNUfs9pBewceaWSA,http://www.youtube.com/channel/UCnFRNkRPNUfs9pBewceaWSA,CoolDev
UCnFSMV7Ao2GovFotVp9R_6g,http://www.youtube.com/channel/UCnFSMV7Ao2GovFotVp9R_6g,DXAnimations
UCnGPXb9V6ggtVhQVjYV39gw,http://www.youtube.com/channel/UCnGPXb9V6ggtVhQVjYV39gw,YouTubePlays
UCnGVcI3Swk6XdnkgLLPEySg,http://www.youtube.com/channel/UCnGVcI3Swk6XdnkgLLPEySg,The GenreVerse
UCnMPIh7gaUw6sjDNx5cDP4w,http://www.youtube.com/channel/UCnMPIh7gaUw6sjDNx5cDP4w,Tau
UCnPm_DoGHYmI5rX8PSlPhEw,http://www.youtube.com/channel/UCnPm_DoGHYmI5rX8PSlPhEw,Brandon Jamar Scott
UCnPpLYT1pwPZ2nz93_7lXCw,http://www.youtube.com/channel/UCnPpLYT1pwPZ2nz93_7lXCw,tora
UCnQGCOo9W0OCq2myAriKhbA,http://www.youtube.com/channel/UCnQGCOo9W0OCq2myAriKhbA,Zeb
UCnSqLo8av8coRn14fzTIqrg,http://www.youtube.com/channel/UCnSqLo8av8coRn14fzTIqrg,Project Viking Dev Diary
UCnYdHlN2DiFtypd04IMJbQg,http://www.youtube.com/channel/UCnYdHlN2DiFtypd04IMJbQg,mihai
UCnZGkL24tx6f_5yhMop1vqg,http://www.youtube.com/channel/UCnZGkL24tx6f_5yhMop1vqg,Creepin
UCnZx--LpG2spgmlxOcC-DRA,http://www.youtube.com/channel/UCnZx--LpG2spgmlxOcC-DRA,Daniel Thrasher
UCn_ysFbC-YrNGCFTwWCpPSA,http://www.youtube.com/channel/UCn_ysFbC-YrNGCFTwWCpPSA,Joeypals
UCnhFJTYchNbQqNJMGg5-mYQ,http://www.youtube.com/channel/UCnhFJTYchNbQqNJMGg5-mYQ,akaRancher
UCnkJBXCxTJ-fYcB2DH-DAiQ,http://www.youtube.com/channel/UCnkJBXCxTJ-fYcB2DH-DAiQ,Anime Wins
UCnmm6OZ320oXiLsDvWsPNLw,http://www.youtube.com/channel/UCnmm6OZ320oXiLsDvWsPNLw,ChaoyuZ
UCnzKVyhgP_XzXkNIq8zJxtg,http://www.youtube.com/channel/UCnzKVyhgP_XzXkNIq8zJxtg,Hiyameshi 8BIT MUSIC
UCo-GmSJpty5_oR_qult5R8w,http://www.youtube.com/channel/UCo-GmSJpty5_oR_qult5R8w,Life Community Church
UCo0AOI50Bm366TRpmJiveNg,http://www.youtube.com/channel/UCo0AOI50Bm366TRpmJiveNg,Barack Obeezy
UCo4op1syWd4dWHcY1PgNo4w,http://www.youtube.com/channel/UCo4op1syWd4dWHcY1PgNo4w,integrand
UCo7a_kNAIV5Y_nP0onVskwQ,http://www.youtube.com/channel/UCo7a_kNAIV5Y_nP0onVskwQ,Calcar
UCo82jTMVAE3ya25ryqTQoGQ,http://www.youtube.com/channel/UCo82jTMVAE3ya25ryqTQoGQ,Epowga
UCo8KIN_GcNFlMckrpjZ7t-Q,http://www.youtube.com/channel/UCo8KIN_GcNFlMckrpjZ7t-Q,Jakkisenpai
UCo8bcnLyZH8tBIH9V1mLgqQ,http://www.youtube.com/channel/UCo8bcnLyZH8tBIH9V1mLgqQ,TheOdd1sOut
UCoBceUaQQKKz1fvzVYAbujg,http://www.youtube.com/channel/UCoBceUaQQKKz1fvzVYAbujg,Snapp Makes Beats
UCoJtR-4zwXIINWm1ooc3rLg,http://www.youtube.com/channel/UCoJtR-4zwXIINWm1ooc3rLg,Anime Explained
UCoKnbX-3KWRw26m5X3QpCbQ,http://www.youtube.com/channel/UCoKnbX-3KWRw26m5X3QpCbQ,Porder
UCoLUji8TYrgDy74_iiazvYA,http://www.youtube.com/channel/UCoLUji8TYrgDy74_iiazvYA,Jarvis Johnson
UCoNRSwYHJdy-yV1b82ZdHfQ,http://www.youtube.com/channel/UCoNRSwYHJdy-yV1b82ZdHfQ,SethEverman
UCoP4V9_s2t5Wt3dZbGDRqSw,http://www.youtube.com/channel/UCoP4V9_s2t5Wt3dZbGDRqSw,Howieazy
UCoQFB0bRsxyU5_HG1-uMDzg,http://www.youtube.com/channel/UCoQFB0bRsxyU5_HG1-uMDzg,Abi Corinne
UCoSfKJl6QV7IK7z0NarY77A,http://www.youtube.com/channel/UCoSfKJl6QV7IK7z0NarY77A,mylcomics
UCoUgSXusnKADcOxmtxpQevg,http://www.youtube.com/channel/UCoUgSXusnKADcOxmtxpQevg,Odetari
UCoYzjVDfp5GPyeP8Vx818RQ,http://www.youtube.com/channel/UCoYzjVDfp5GPyeP8Vx818RQ,King Promise Official
UCo_IB5145EVNcf8hw1Kku7w,http://www.youtube.com/channel/UCo_IB5145EVNcf8hw1Kku7w,The Game Theorists
UCodbH5mUeF-m_BsNueRDjcw,http://www.youtube.com/channel/UCodbH5mUeF-m_BsNueRDjcw,Overly Sarcastic Productions
UCoeLHgnE9iMk_l4Yy9r3pkA,http://www.youtube.com/channel/UCoeLHgnE9iMk_l4Yy9r3pkA,The Painted World for Gael
UCofUm4noitlLxYM_RhB58cg,http://www.youtube.com/channel/UCofUm4noitlLxYM_RhB58cg,METAs
UCog62sUWH_5MGMv91hUtU5g,http://www.youtube.com/channel/UCog62sUWH_5MGMv91hUtU5g,стрим онлайн
UCoj09gW9oBOXP8wFRCQtiMQ,http://www.youtube.com/channel/UCoj09gW9oBOXP8wFRCQtiMQ,SuchClutch
UCoz_13uubLAl7Rw1IIC3alQ,http://www.youtube.com/channel/UCoz_13uubLAl7Rw1IIC3alQ,Kyogre
UCp0rOf37mWqFrE7wcp5XJCQ,http://www.youtube.com/channel/UCp0rOf37mWqFrE7wcp5XJCQ,Nanogenix
UCp2Pyzqmayk4X_yAlxcFG6Q,http://www.youtube.com/channel/UCp2Pyzqmayk4X_yAlxcFG6Q,BadHairlineProductions
UCpCXsTvOveA23Mr0zMcClng,http://www.youtube.com/channel/UCpCXsTvOveA23Mr0zMcClng,bulbman
UCpGdL9Sn3Q5YWUH2DVUW1Ug,http://www.youtube.com/channel/UCpGdL9Sn3Q5YWUH2DVUW1Ug,PopularMMOs
UCpGyLj4GwRLojpNveZ-rvSg,http://www.youtube.com/channel/UCpGyLj4GwRLojpNveZ-rvSg,CthulhuSeeker
UCpJ7Veog-LESourO5pRZGXA,http://www.youtube.com/channel/UCpJ7Veog-LESourO5pRZGXA,Random 4eva
UCpJmBQ8iNHXeQ7jQWDyGe3A,http://www.youtube.com/channel/UCpJmBQ8iNHXeQ7jQWDyGe3A,Life Noggin
UCpRvdCuwr97dK5SlzN2dwww,http://www.youtube.com/channel/UCpRvdCuwr97dK5SlzN2dwww,PlasmaRic Reacts
UCpWInGp4Af1t21WDZWKN99w,http://www.youtube.com/channel/UCpWInGp4Af1t21WDZWKN99w,How To Beat Anime
UCpWeWmBQ0A9udYw0jroGwFQ,http://www.youtube.com/channel/UCpWeWmBQ0A9udYw0jroGwFQ,SnowVA
UCpXkAofvCGT1S4Pw-dXjPqg,http://www.youtube.com/channel/UCpXkAofvCGT1S4Pw-dXjPqg,7alen7
UCpaaQyTQhpZBC1cw3D9Ciog,http://www.youtube.com/channel/UCpaaQyTQhpZBC1cw3D9Ciog,Derivakat
UCpenf1FDfVnHN91rW8YlQ2A,http://www.youtube.com/channel/UCpenf1FDfVnHN91rW8YlQ2A,ayysthetic
UCpia915P30NG_iU3b1mhwOQ,http://www.youtube.com/channel/UCpia915P30NG_iU3b1mhwOQ,Tommy A'li
UCpkEIjaJD9vUUUBMMpBIDFA,http://www.youtube.com/channel/UCpkEIjaJD9vUUUBMMpBIDFA,Olivian
UCpshxsDVirv_tuyQmiKfDjA,http://www.youtube.com/channel/UCpshxsDVirv_tuyQmiKfDjA,Fighting Centre
UCpu0eCepQ2She6bV9lcsNVQ,http://www.youtube.com/channel/UCpu0eCepQ2She6bV9lcsNVQ,without_revenue
UCpy3B0v_8FPbD3uGXvPlGYA,http://www.youtube.com/channel/UCpy3B0v_8FPbD3uGXvPlGYA,Emdasche
UCq-ZvpCLekNUJpD3iem0zDQ,http://www.youtube.com/channel/UCq-ZvpCLekNUJpD3iem0zDQ,DotoDoya
UCq2C9P2hxxOEDfQ8oinEbJg,http://www.youtube.com/channel/UCq2C9P2hxxOEDfQ8oinEbJg,MYTH & ROID Official Channel
UCq2ycDi7tYxOL7-O2CalPeQ,http://www.youtube.com/channel/UCq2ycDi7tYxOL7-O2CalPeQ,Saiyan Memer 
UCq6aw03lNILzV96UvEAASfQ,http://www.youtube.com/channel/UCq6aw03lNILzV96UvEAASfQ,bill wurtz
UCq6sjELGLduimv9LwEb58yQ,http://www.youtube.com/channel/UCq6sjELGLduimv9LwEb58yQ,Gold'N
UCq7sIRjRGSKkSRrCUG3LcJw,http://www.youtube.com/channel/UCq7sIRjRGSKkSRrCUG3LcJw,OMG ANIME
UCqA30GcPTWHoQS2EEmC1Mlw,http://www.youtube.com/channel/UCqA30GcPTWHoQS2EEmC1Mlw,sekk1r
UCqCg_dOWBBrfXddzqeu39bA,http://www.youtube.com/channel/UCqCg_dOWBBrfXddzqeu39bA,Timise
UCqE-2Y_ZNaQpke4UW4ogGcA,http://www.youtube.com/channel/UCqE-2Y_ZNaQpke4UW4ogGcA,kuribo98
UCqETZiILHjY5_UMMb1RksYQ,http://www.youtube.com/channel/UCqETZiILHjY5_UMMb1RksYQ,MattHadouken
UCqLNUNADx3WOtUuXaK4aqHg,http://www.youtube.com/channel/UCqLNUNADx3WOtUuXaK4aqHg,Accain
UCqRnzn369XhP88_JUWBmT_g,http://www.youtube.com/channel/UCqRnzn369XhP88_JUWBmT_g,Watermelon Pizza
UCqW26YY_a04yk6ZwULsnbNw,http://www.youtube.com/channel/UCqW26YY_a04yk6ZwULsnbNw,MrMinh3D
UCqWGIc_eXfLoTi1E8CiW73w,http://www.youtube.com/channel/UCqWGIc_eXfLoTi1E8CiW73w,JonTheBoss
UCqaEkLJ46DliTR0OZaaJF2Q,http://www.youtube.com/channel/UCqaEkLJ46DliTR0OZaaJF2Q,Dave Ardito
UCqfUf70USEhMOc0dFIFsGsg,http://www.youtube.com/channel/UCqfUf70USEhMOc0dFIFsGsg,SodaTCG
UCqippWWHtsJgJvWEjygFWjw,http://www.youtube.com/channel/UCqippWWHtsJgJvWEjygFWjw,Quacker Comics
UCqjkHuVWHkVunq8sgc7Ah1Q,http://www.youtube.com/channel/UCqjkHuVWHkVunq8sgc7Ah1Q,The Otaku Room
UCqnRgR7TIN_0fmLhftC5MJw,http://www.youtube.com/channel/UCqnRgR7TIN_0fmLhftC5MJw,Diego's Bloodspray
UCqoAkUYVNyP1BaT4G6E56-Q,http://www.youtube.com/channel/UCqoAkUYVNyP1BaT4G6E56-Q,Tuzera
UCqpZoCHlF63imf8yHlRltPQ,http://www.youtube.com/channel/UCqpZoCHlF63imf8yHlRltPQ,Alana Misako
UCqsUgsQ7F4bkv3kbyP36kmg,http://www.youtube.com/channel/UCqsUgsQ7F4bkv3kbyP36kmg,FuryForged
UCquZ4H9ANFmKr-6bec-qVWA,http://www.youtube.com/channel/UCquZ4H9ANFmKr-6bec-qVWA,Gum Gum Fiction
UCqvtaZLjfIxdzaIG-bFYi9A,http://www.youtube.com/channel/UCqvtaZLjfIxdzaIG-bFYi9A,Lenarrio
UCqxgIQs2EwEuAppj4B2vVLA,http://www.youtube.com/channel/UCqxgIQs2EwEuAppj4B2vVLA,NDY
UCr1VcruVrehiLDVrNt55ZJw,http://www.youtube.com/channel/UCr1VcruVrehiLDVrNt55ZJw,Larphard Van Govt
UCr2kbxzrL5GaCjKj3W2hEQw,http://www.youtube.com/channel/UCr2kbxzrL5GaCjKj3W2hEQw,kurusuKARIN
UCr5t1ZSKCZiEcbPk8mU6XFQ,http://www.youtube.com/channel/UCr5t1ZSKCZiEcbPk8mU6XFQ,Lawrence Simpson
UCr5tVDCRHvTlBUlMZ6ruS3w,http://www.youtube.com/channel/UCr5tVDCRHvTlBUlMZ6ruS3w,FRYER STUDIOS
UCr6A5-cchO3Wr8PvtP6nN1w,http://www.youtube.com/channel/UCr6A5-cchO3Wr8PvtP6nN1w,DefinitivelyZach
UCr9heHHfiDYwvBP5jIPpX6A,http://www.youtube.com/channel/UCr9heHHfiDYwvBP5jIPpX6A,JaJah!
UCrA2bqOHwjX1DxgP9CaVJzw,http://www.youtube.com/channel/UCrA2bqOHwjX1DxgP9CaVJzw,Lenarr Young
UCrDbQrdiaqfX6AzbeGzpfOw,http://www.youtube.com/channel/UCrDbQrdiaqfX6AzbeGzpfOw,Rare Doodle
UCrDnHHlWsRSU_-3uJjSHn5Q,http://www.youtube.com/channel/UCrDnHHlWsRSU_-3uJjSHn5Q,carmen elaine
UCrEMDvUyGV1p66Vf5P0O1pg,http://www.youtube.com/channel/UCrEMDvUyGV1p66Vf5P0O1pg,Cimoooooooo
UCrEtZMErQXaSYy_JDGoU5Qw,http://www.youtube.com/channel/UCrEtZMErQXaSYy_JDGoU5Qw,iJevin
UCrIrRpXL1F7B03ozb_VECiQ,http://www.youtube.com/channel/UCrIrRpXL1F7B03ozb_VECiQ,A-One
UCrJWs9LeZ0LcnHfRxi8OKPQ,http://www.youtube.com/channel/UCrJWs9LeZ0LcnHfRxi8OKPQ,Tomoya Ch.
UCrMSTWKcjjegGeo4N7lwVug,http://www.youtube.com/channel/UCrMSTWKcjjegGeo4N7lwVug,Toonuki Lab
UCrMUPP-xQ7BuEhADfo2GVDQ,http://www.youtube.com/channel/UCrMUPP-xQ7BuEhADfo2GVDQ,McYum
UCrUlehy3-NDU1QZPhR6DGBg,http://www.youtube.com/channel/UCrUlehy3-NDU1QZPhR6DGBg,ray danian
UCrWjK_A0eMHeun1oJh6rs2Q,http://www.youtube.com/channel/UCrWjK_A0eMHeun1oJh6rs2Q,C BLOOM
UCrYM3VHZmiMqFtp59H_ippQ,http://www.youtube.com/channel/UCrYM3VHZmiMqFtp59H_ippQ,ta2cute
UCraC7460yGQF4GDmSjCecpQ,http://www.youtube.com/channel/UCraC7460yGQF4GDmSjCecpQ,syudou
UCrfoHZm9EHP0vtt94xM7p1Q,http://www.youtube.com/channel/UCrfoHZm9EHP0vtt94xM7p1Q,SeeReax
UCrhsRbUnUWTUDrquMBhmS6w,http://www.youtube.com/channel/UCrhsRbUnUWTUDrquMBhmS6w,CrankyTemplar
UCrhv2QAjQExALYwKtgmdiXQ,http://www.youtube.com/channel/UCrhv2QAjQExALYwKtgmdiXQ,Bug Man
UCrmhK5Y1N5jgrBbXKSn6eVA,http://www.youtube.com/channel/UCrmhK5Y1N5jgrBbXKSn6eVA,LunaEclipse
UCrrU50gMVan2zsJDSpVoX-g,http://www.youtube.com/channel/UCrrU50gMVan2zsJDSpVoX-g,The Think Tankard
UCrvTPX2sz0tnoH3iYq3oH_Q,http://www.youtube.com/channel/UCrvTPX2sz0tnoH3iYq3oH_Q,MorcaH
UCs-q5K2_Lp3mXuXQUUF1sDg,http://www.youtube.com/channel/UCs-q5K2_Lp3mXuXQUUF1sDg,Volume One PLUS!
UCs8MGE-W8Ipa23v-CGVWRcA,http://www.youtube.com/channel/UCs8MGE-W8Ipa23v-CGVWRcA,SOtakuArt
UCs9n-cMaSGOpinYAWX-177g,http://www.youtube.com/channel/UCs9n-cMaSGOpinYAWX-177g,Anwar
UCsDZ7jC4_zeLx7cX_jvwpRg,http://www.youtube.com/channel/UCsDZ7jC4_zeLx7cX_jvwpRg,JerzeyBoyz
UCsDmESjqNPukDmVnuneLrqw,http://www.youtube.com/channel/UCsDmESjqNPukDmVnuneLrqw,Alex Clark
UCsEgeyBfOnGGBpjIvkDJbWg,http://www.youtube.com/channel/UCsEgeyBfOnGGBpjIvkDJbWg,Socksfor1
UCsI-AuUCAff7bmSKPP5DeKg,http://www.youtube.com/channel/UCsI-AuUCAff7bmSKPP5DeKg,z1ct1
UCsI8zD8B_ki4r-xzaBvBArg,http://www.youtube.com/channel/UCsI8zD8B_ki4r-xzaBvBArg,NOVA
UCsIc8Tq-YSFY3BViLJG4d1A,http://www.youtube.com/channel/UCsIc8Tq-YSFY3BViLJG4d1A,Stickman Talks
UCsIoLt-dRioHMOdm8PAe0mA,http://www.youtube.com/channel/UCsIoLt-dRioHMOdm8PAe0mA,Soshu
UCsKffkZvmeToXe8-SzWycsA,http://www.youtube.com/channel/UCsKffkZvmeToXe8-SzWycsA,AFY-Sama
UCsL6TqkeLnhXha4gyAK-Y-g,http://www.youtube.com/channel/UCsL6TqkeLnhXha4gyAK-Y-g,gttcily
UCsXjSMtKbo2OZSTsiNkXtWg,http://www.youtube.com/channel/UCsXjSMtKbo2OZSTsiNkXtWg,Dragon Ball Z Dubbed
UCsZKEVfty5z-iB850S2gIrA,http://www.youtube.com/channel/UCsZKEVfty5z-iB850S2gIrA,Assassin Knight
UCsbHx0lzrn3drIySHY8w9_g,http://www.youtube.com/channel/UCsbHx0lzrn3drIySHY8w9_g,Frizk
UCscGwAmbOSLDswUk4rpycAw,http://www.youtube.com/channel/UCscGwAmbOSLDswUk4rpycAw,Content Chimp
UCsevaneckK-ha4oNJRAwUEw,http://www.youtube.com/channel/UCsevaneckK-ha4oNJRAwUEw,Oditharge
UCsg-SXVf69fdrbTHS74jqXw,http://www.youtube.com/channel/UCsg-SXVf69fdrbTHS74jqXw,PeppermintGhost
UCsioj7yJFljoqRTWNFmJH8A,http://www.youtube.com/channel/UCsioj7yJFljoqRTWNFmJH8A,Ian Anims
UCsp1uzWKgWLeUMWHPVXoAqg,http://www.youtube.com/channel/UCsp1uzWKgWLeUMWHPVXoAqg,J2X3
UCsvazPPlhZlch0-Z3wPByeg,http://www.youtube.com/channel/UCsvazPPlhZlch0-Z3wPByeg,TeamFourStar
UCsx6ZRtda6grg2zqGxj4X_A,http://www.youtube.com/channel/UCsx6ZRtda6grg2zqGxj4X_A,Raster
UCsxRC53PgWERXcNFOTnwfSw,http://www.youtube.com/channel/UCsxRC53PgWERXcNFOTnwfSw,OP Fixer
UCsxacTyWOAAHDoHhEiiQiSg,http://www.youtube.com/channel/UCsxacTyWOAAHDoHhEiiQiSg,Rooples
UCsyeZr7nVWpfhElpIPZxBnQ,http://www.youtube.com/channel/UCsyeZr7nVWpfhElpIPZxBnQ,Chuck
UCt4rBxvKlCKw5NcOy-tpQJQ,http://www.youtube.com/channel/UCt4rBxvKlCKw5NcOy-tpQJQ,Merg
UCt5E7_LFPyO1hkk9VNAajbA,http://www.youtube.com/channel/UCt5E7_LFPyO1hkk9VNAajbA,SleepyspAIdy
UCt7E8Qpue2TU9Yh47vkEbsQ,http://www.youtube.com/channel/UCt7E8Qpue2TU9Yh47vkEbsQ,Dolan Dark
UCtBULndzjepcpwDq7hKYV6Q,http://www.youtube.com/channel/UCtBULndzjepcpwDq7hKYV6Q,Zephfire
UCtEuhisvShY2v25v-9kdZlw,http://www.youtube.com/channel/UCtEuhisvShY2v25v-9kdZlw,ShortOneGaming
UCtHEaP2GWY76ymwDGCFZu5w,http://www.youtube.com/channel/UCtHEaP2GWY76ymwDGCFZu5w,parkus
UCtMVHI3AJD4Qk4hcbZnI9ZQ,http://www.youtube.com/channel/UCtMVHI3AJD4Qk4hcbZnI9ZQ,SomeOrdinaryGamers
UCtPn_ljJ2aAr4TK0OuiWfLA,http://www.youtube.com/channel/UCtPn_ljJ2aAr4TK0OuiWfLA,warpwork-
UCtRWbuOgFdePoStVomi45_Q,http://www.youtube.com/channel/UCtRWbuOgFdePoStVomi45_Q,CantStopAmani
UCtUId5WFnN82GdDy7DgaQ7w,http://www.youtube.com/channel/UCtUId5WFnN82GdDy7DgaQ7w,Better Ideas
UCtUrh-KxBAy22FF1YFbdW-Q,http://www.youtube.com/channel/UCtUrh-KxBAy22FF1YFbdW-Q,Nelzetta
UCtWllpl2p-SQq8c-MiQlmfw,http://www.youtube.com/channel/UCtWllpl2p-SQq8c-MiQlmfw,Endeejayy
UCtZlymlp4AVGNcBRuL3aM_g,http://www.youtube.com/channel/UCtZlymlp4AVGNcBRuL3aM_g,Hsiyun Wu
UCtbuBqecjAUJcm27GOJN4Tg,http://www.youtube.com/channel/UCtbuBqecjAUJcm27GOJN4Tg,Michael Dapaah
UCtgGNJD_1OkY25yOYAm7tnw,http://www.youtube.com/channel/UCtgGNJD_1OkY25yOYAm7tnw,King Of Lightning
UCto0JEelepQkcueYJgUA8zw,http://www.youtube.com/channel/UCto0JEelepQkcueYJgUA8zw,Nicholas Light TV
UCtoURJvRdVfT2APGqLOt0nA,http://www.youtube.com/channel/UCtoURJvRdVfT2APGqLOt0nA,Oz Media
UCtpdsQyTqsGGWmMFODgaUrQ,http://www.youtube.com/channel/UCtpdsQyTqsGGWmMFODgaUrQ,LiterallyNoOne
UCtrIvE-HULm9jbgzN26AG-Q,http://www.youtube.com/channel/UCtrIvE-HULm9jbgzN26AG-Q,BlastphamousHD TV
UCts3OKu0kbxm2wUFq7AqBIQ,http://www.youtube.com/channel/UCts3OKu0kbxm2wUFq7AqBIQ,who
UCtu8cQFJzQOzZDWL9W7Z7lA,http://www.youtube.com/channel/UCtu8cQFJzQOzZDWL9W7Z7lA,Froppy Craft
UCtwFZ_8szUuQgRl-8XEgg-g,http://www.youtube.com/channel/UCtwFZ_8szUuQgRl-8XEgg-g,Chill Dude Shadow Mode
UCu8r_vO8LAcZCa6Ykl4NfbA,http://www.youtube.com/channel/UCu8r_vO8LAcZCa6Ykl4NfbA,griffin station
UCuAOvzAcwS1IKxP1pwvcokQ,http://www.youtube.com/channel/UCuAOvzAcwS1IKxP1pwvcokQ,Kaleb I.A.
UCuDILZhkm3kZHownsx_wH3A,http://www.youtube.com/channel/UCuDILZhkm3kZHownsx_wH3A,鈴木このみ Official
UCuEIPx0kwMicz1HVJwkEckA,http://www.youtube.com/channel/UCuEIPx0kwMicz1HVJwkEckA,captaingeek05
UCuN3P6UZ8haqeldqPyRTeVQ,http://www.youtube.com/channel/UCuN3P6UZ8haqeldqPyRTeVQ,Skull
UCuODVttOMhWun6jJAhA6vJQ,http://www.youtube.com/channel/UCuODVttOMhWun6jJAhA6vJQ,Sean Ras
UCuSKSnvgrLmOMqsaxyWQdHA,http://www.youtube.com/channel/UCuSKSnvgrLmOMqsaxyWQdHA,AyoKRob
UCuT_fPxZVQMo9aH3nCQVKCw,http://www.youtube.com/channel/UCuT_fPxZVQMo9aH3nCQVKCw,Izar
UCuUUK_sojL65BDL2AK7yWNw,http://www.youtube.com/channel/UCuUUK_sojL65BDL2AK7yWNw,来兎 Raito
UCuUqUmgQ6RXc2NcjM3YTPWg,http://www.youtube.com/channel/UCuUqUmgQ6RXc2NcjM3YTPWg,Miles' Workshop
UCuVgoagmU3hmfMwtxG9s4Sw,http://www.youtube.com/channel/UCuVgoagmU3hmfMwtxG9s4Sw,Optimus
UCugVYo6tK-51zscboSgSXNg,http://www.youtube.com/channel/UCugVYo6tK-51zscboSgSXNg,Musicality
UCugriktWCA3YRLx7RHvQCFg,http://www.youtube.com/channel/UCugriktWCA3YRLx7RHvQCFg,HoopsandHipHop
UCugsKvaGmGisHOjxB7qTGFA,http://www.youtube.com/channel/UCugsKvaGmGisHOjxB7qTGFA,1Leo
UCuj2x1Lxyv1lLQ50Bi7GjDg,http://www.youtube.com/channel/UCuj2x1Lxyv1lLQ50Bi7GjDg,うどらごん
UCuk5vZzQjwO4kkOsQC-2nbg,http://www.youtube.com/channel/UCuk5vZzQjwO4kkOsQC-2nbg,JoyGirl 🍉
UCukCyHaD-bK3in_pKpfH9Eg,http://www.youtube.com/channel/UCukCyHaD-bK3in_pKpfH9Eg,Zeurel
UCukRM54cFzParN3unxnlZjg,http://www.youtube.com/channel/UCukRM54cFzParN3unxnlZjg,Soul Provider Speaks
UCumxwQUabdNaLqcgX1mCxog,http://www.youtube.com/channel/UCumxwQUabdNaLqcgX1mCxog,Octo
UCunhkZ4gIu0ULhA0GpMYidA,http://www.youtube.com/channel/UCunhkZ4gIu0ULhA0GpMYidA,Sidown
UCuoKuTCQ9dmPIgOgyLm9HgQ,http://www.youtube.com/channel/UCuoKuTCQ9dmPIgOgyLm9HgQ,Samuel Kim Music
UCur3FSoBrvXdsumGXfzbLSQ,http://www.youtube.com/channel/UCur3FSoBrvXdsumGXfzbLSQ,8bitsolo
UCus8EVJ7Oc9zINhs-fg8l1Q,http://www.youtube.com/channel/UCus8EVJ7Oc9zINhs-fg8l1Q,Turbo
UCuxYpDWtMI0u06_VAbgcFZg,http://www.youtube.com/channel/UCuxYpDWtMI0u06_VAbgcFZg,Crimson
UCv13rwg9LjzYZVp57-zkF2Q,http://www.youtube.com/channel/UCv13rwg9LjzYZVp57-zkF2Q,Aly Jo'Lee Vlogs
UCv1DvRY5PyHHt3KN9ghunuw,http://www.youtube.com/channel/UCv1DvRY5PyHHt3KN9ghunuw,Masahiro Sakurai on Creating Games
UCv1cFr4ymBfWl4i2LGJ_yMw,http://www.youtube.com/channel/UCv1cFr4ymBfWl4i2LGJ_yMw,Sean TankTop
UCv1jAWnr9rPKRQsEZYl5izQ,http://www.youtube.com/channel/UCv1jAWnr9rPKRQsEZYl5izQ,Omoinotake
UCv2yYe6LXYq6qgqNmRpmniQ,http://www.youtube.com/channel/UCv2yYe6LXYq6qgqNmRpmniQ,Adoセンス
UCv3LuuW8auzYw1SdLmiLRAw,http://www.youtube.com/channel/UCv3LuuW8auzYw1SdLmiLRAw,Totally Not Mark
UCv6HIkcDJldeNOpdTPYhxEQ,http://www.youtube.com/channel/UCv6HIkcDJldeNOpdTPYhxEQ,Jamie Palpatine
UCvAmIbIUVU5tH2cPU8-TFEw,http://www.youtube.com/channel/UCvAmIbIUVU5tH2cPU8-TFEw,Fawful's Minion
UCvBHFNnPXt_re1WSdsennJg,http://www.youtube.com/channel/UCvBHFNnPXt_re1WSdsennJg,Hungrybox
UCvBIxhfc09IpaOWrhlziWog,http://www.youtube.com/channel/UCvBIxhfc09IpaOWrhlziWog,Plague
UCvCUlx82nx5p1er50zd6XhA,http://www.youtube.com/channel/UCvCUlx82nx5p1er50zd6XhA,Stevu !
UCvCwrpjaTKIwRELo1jiboig,http://www.youtube.com/channel/UCvCwrpjaTKIwRELo1jiboig,strong_don_chad
UCvD5sKlMp9O5ei7-xJC6c7g,http://www.youtube.com/channel/UCvD5sKlMp9O5ei7-xJC6c7g,Elevate Your Power Level
UCvDMWmHA2UBu0s0mL7yfOog,http://www.youtube.com/channel/UCvDMWmHA2UBu0s0mL7yfOog,saintitchief
UCvG04Y09q0HExnIjdgaqcDQ,http://www.youtube.com/channel/UCvG04Y09q0HExnIjdgaqcDQ,Because Science
UCvL-vFwdJymrZWLgeL3FrzQ,http://www.youtube.com/channel/UCvL-vFwdJymrZWLgeL3FrzQ,Jameson White
UCvNA40mpHYaw32T4fxFvHzw,http://www.youtube.com/channel/UCvNA40mpHYaw32T4fxFvHzw,TheRemster
UCvPkfgSelns_u-UczpMI8mw,http://www.youtube.com/channel/UCvPkfgSelns_u-UczpMI8mw,Sauceboi 6 Billion
UCvSV_w29w7cV5h5RvX3zumA,http://www.youtube.com/channel/UCvSV_w29w7cV5h5RvX3zumA,Estelle Richter
UCvUmwreRrbxeR1mbmojj8fg,http://www.youtube.com/channel/UCvUmwreRrbxeR1mbmojj8fg,SomeThingElseYT
UCvW8iir9W1BYVhIumWgsvaw,http://www.youtube.com/channel/UCvW8iir9W1BYVhIumWgsvaw,Jenn Melon
UCvc3DdDDlVoIp6m9UuUbgbQ,http://www.youtube.com/channel/UCvc3DdDDlVoIp6m9UuUbgbQ,Stubz1989
UCvdcBgHnd2WgJoP1irXxg1g,http://www.youtube.com/channel/UCvdcBgHnd2WgJoP1irXxg1g,Studio Gek
UCvhMSfaoJFam2CILm33rRBA,http://www.youtube.com/channel/UCvhMSfaoJFam2CILm33rRBA,Phillyonmars
UCvjsnl6wNtVIm0i1sCpN9Uw,http://www.youtube.com/channel/UCvjsnl6wNtVIm0i1sCpN9Uw,pChal
UCvk9PpVrHWKU_HQf2_M9Q3w,http://www.youtube.com/channel/UCvk9PpVrHWKU_HQf2_M9Q3w,Vesteddrip
UCvky8XpDVE4XhNlkTrKSDkA,http://www.youtube.com/channel/UCvky8XpDVE4XhNlkTrKSDkA,Riptide
UCvpredjG93ifbCP1Y77JyFA,http://www.youtube.com/channel/UCvpredjG93ifbCP1Y77JyFA,YOASOBI
UCvxswjWCpqEuBmw3MVaQXjg,http://www.youtube.com/channel/UCvxswjWCpqEuBmw3MVaQXjg,MustardGrandpa
UCvzwGfOlMxK6zXEIUa0p5KQ,http://www.youtube.com/channel/UCvzwGfOlMxK6zXEIUa0p5KQ,Into The Void Anime
UCw01a_sCmYllU39bTHvRdRg,http://www.youtube.com/channel/UCw01a_sCmYllU39bTHvRdRg,Aly Jo'Lee
UCw03U5DZGLqvv5elJvXvR0Q,http://www.youtube.com/channel/UCw03U5DZGLqvv5elJvXvR0Q,Bread Boys
UCw0KFO0wuZKpCuW1v1b7vWw,http://www.youtube.com/channel/UCw0KFO0wuZKpCuW1v1b7vWw,Jahn Davis
UCw1U9K3S8WVWp7REGaHIW0A,http://www.youtube.com/channel/UCw1U9K3S8WVWp7REGaHIW0A,神山羊 / Yoh Kamiyama
UCw4CsGzbhR0fs0SbKX4GJrQ,http://www.youtube.com/channel/UCw4CsGzbhR0fs0SbKX4GJrQ,DJ Milez
UCw52jAiHIYbcXueOhS7lavQ,http://www.youtube.com/channel/UCw52jAiHIYbcXueOhS7lavQ,Soshite 
UCw77FJw80wzXmoxAFL00TOQ,http://www.youtube.com/channel/UCw77FJw80wzXmoxAFL00TOQ,Aurk
UCwBDjKXy6Nnvj39hNwqSMtA,http://www.youtube.com/channel/UCwBDjKXy6Nnvj39hNwqSMtA,Ezekiel
UCwEbZdlPRBPTEBYHPSgu5JA,http://www.youtube.com/channel/UCwEbZdlPRBPTEBYHPSgu5JA,Adherent of the Ocean Goddess
UCwLogilZKfEwj4bz6GYMI2w,http://www.youtube.com/channel/UCwLogilZKfEwj4bz6GYMI2w,Flight Yagami
UCwRXb5dUK4cvsHbx-rGzSgw,http://www.youtube.com/channel/UCwRXb5dUK4cvsHbx-rGzSgw,Derek Banas
UCwWPQT4urCulPvg-PddSWlg,http://www.youtube.com/channel/UCwWPQT4urCulPvg-PddSWlg,Toomber rebmooT
UCwWPbXis13tV1GIRXraf37w,http://www.youtube.com/channel/UCwWPbXis13tV1GIRXraf37w,Amazing Chest
UCwbuxKG_nG2LZ10KBWPPomA,http://www.youtube.com/channel/UCwbuxKG_nG2LZ10KBWPPomA,Holder / MLW
UCwhB8cJTSLxyubnKSS-PLJg,http://www.youtube.com/channel/UCwhB8cJTSLxyubnKSS-PLJg,MegaLag
UCwipXeXeikVfw4kh7bFQmjA,http://www.youtube.com/channel/UCwipXeXeikVfw4kh7bFQmjA,Heno Meme
UCwl3O6yIEVSY49XwOS1QTpA,http://www.youtube.com/channel/UCwl3O6yIEVSY49XwOS1QTpA,Donna Burke
UCwp61vhrXzXdobn5czTFaaw,http://www.youtube.com/channel/UCwp61vhrXzXdobn5czTFaaw,RogersBase
UCwqQ4a-iX1mJDdK5ZnLtIEQ,http://www.youtube.com/channel/UCwqQ4a-iX1mJDdK5ZnLtIEQ,dematheo
UCwrQRsOpPZhIJtdxHc7UYMA,http://www.youtube.com/channel/UCwrQRsOpPZhIJtdxHc7UYMA,Carthu's Dojo
UCwv3YsNHYo7J_Sqr05rOKbQ,http://www.youtube.com/channel/UCwv3YsNHYo7J_Sqr05rOKbQ,Nero DaBoi
UCwzAZUqwOXnvHnVt6MwAC9w,http://www.youtube.com/channel/UCwzAZUqwOXnvHnVt6MwAC9w,AniMelon
UCwztm-RxxePvIUSys8Ulvig,http://www.youtube.com/channel/UCwztm-RxxePvIUSys8Ulvig,YaBoyRoshi Gaming
UCx54VcZUkiE40WnyY9SDXaA,http://www.youtube.com/channel/UCx54VcZUkiE40WnyY9SDXaA,Tarro57
UCx5zJCKryjWK_pWkyHIoiqg,http://www.youtube.com/channel/UCx5zJCKryjWK_pWkyHIoiqg,Ndukauba
UCx8C_9jxBi7g5PsGmoo6R9A,http://www.youtube.com/channel/UCx8C_9jxBi7g5PsGmoo6R9A,Kyle Robes
UCxFr-2YzNYZWcCnRGZsOzyw,http://www.youtube.com/channel/UCxFr-2YzNYZWcCnRGZsOzyw,raazuh
UCxQHQjt0nbc0ZVDdNlZN6TQ,http://www.youtube.com/channel/UCxQHQjt0nbc0ZVDdNlZN6TQ,HEPHESTOS
UCxUheFf_jVsSkxW9DBd_6bA,http://www.youtube.com/channel/UCxUheFf_jVsSkxW9DBd_6bA,The 8-Bit Big Band
UCxd6jBui61E-_cTd2t3EyxA,http://www.youtube.com/channel/UCxd6jBui61E-_cTd2t3EyxA,Ziah150
UCxjs86jJMMa3Mhxt8KThsYA,http://www.youtube.com/channel/UCxjs86jJMMa3Mhxt8KThsYA,ScottFalco
UCxnS0WDBVfBnTP2e97DYDSA,http://www.youtube.com/channel/UCxnS0WDBVfBnTP2e97DYDSA,riserecords
UCxsdestlH7KLZHIbH6ANR4A,http://www.youtube.com/channel/UCxsdestlH7KLZHIbH6ANR4A,JYTheKai
UCy-jd7_90SnIzqwu5uHzspg,http://www.youtube.com/channel/UCy-jd7_90SnIzqwu5uHzspg,Willyandgaming
UCy5doKr2qAFORLsMoMEIvHg,http://www.youtube.com/channel/UCy5doKr2qAFORLsMoMEIvHg,mydearvelvie
UCy9mzvllO2EsEH8ocl5W6fg,http://www.youtube.com/channel/UCy9mzvllO2EsEH8ocl5W6fg,FelleAnimated
UCyA98LlO3uH7OdNGouU48Zg,http://www.youtube.com/channel/UCyA98LlO3uH7OdNGouU48Zg,Also Notes
UCyDw8H0v7CZWEGAUnXtxTaQ,http://www.youtube.com/channel/UCyDw8H0v7CZWEGAUnXtxTaQ,JoeFredrick
UCyQBeTyDQMWihtEYNGu16kQ,http://www.youtube.com/channel/UCyQBeTyDQMWihtEYNGu16kQ,MyMy Senpaii
UCyVgY6hf1hk1J_opZWbjy_g,http://www.youtube.com/channel/UCyVgY6hf1hk1J_opZWbjy_g,Krillion Beats
UCyaOiWGsy9-3bibvZqypSuw,http://www.youtube.com/channel/UCyaOiWGsy9-3bibvZqypSuw,Ribzybtw
UCyjHaMNj3zRX5hc6ac7jLMA,http://www.youtube.com/channel/UCyjHaMNj3zRX5hc6ac7jLMA,Beyond Animation
UCyreRhImd68nEOWazmWjeug,http://www.youtube.com/channel/UCyreRhImd68nEOWazmWjeug,Boruto Boy 2.0
UCzA_HDkukSjM47ERlAFJanw,http://www.youtube.com/channel/UCzA_HDkukSjM47ERlAFJanw,The Salad Bar
UCzFUs-fmDxTSIoaWYeFFyOA,http://www.youtube.com/channel/UCzFUs-fmDxTSIoaWYeFFyOA,Camila Cuevas
UCzNYZ9RnPrrrqVjtgWS1kvw,http://www.youtube.com/channel/UCzNYZ9RnPrrrqVjtgWS1kvw,TwoDream
UCzNrbVMQ894Duypjl7lX2Xg,http://www.youtube.com/channel/UCzNrbVMQ894Duypjl7lX2Xg,Evan Gamez
UCzO1RswSn-hQHwsBMYWgM-g,http://www.youtube.com/channel/UCzO1RswSn-hQHwsBMYWgM-g,Lalafluffbunny
UCzP61SO8sdPxyt_ZEQQrM2g,http://www.youtube.com/channel/UCzP61SO8sdPxyt_ZEQQrM2g,Slamblaster
UCzVlFwoKKIlzX7dsXcgAmxA,http://www.youtube.com/channel/UCzVlFwoKKIlzX7dsXcgAmxA,tylor schofield
UCz_cNcJzCy4asffzW5ERH1w,http://www.youtube.com/channel/UCz_cNcJzCy4asffzW5ERH1w,Dkayed
UCza0VM5bj_117ngl4E5G2_A,http://www.youtube.com/channel/UCza0VM5bj_117ngl4E5G2_A,HyperGriffin
UCzcI7mIbzcVdXjawL7ic6xw,http://www.youtube.com/channel/UCzcI7mIbzcVdXjawL7ic6xw,NotAParodyAnimator
UCzdwpmT2GtWcziITl0I0tYA,http://www.youtube.com/channel/UCzdwpmT2GtWcziITl0I0tYA,Patterrz
UCziS0RHXRKoqPS9bkVMkykw,http://www.youtube.com/channel/UCziS0RHXRKoqPS9bkVMkykw,devtgp
UCzjm6nANexV1Biw54WAiS7w,http://www.youtube.com/channel/UCzjm6nANexV1Biw54WAiS7w,SpacePea
UCzjvxUjxTagYiGMmczl3DrA,http://www.youtube.com/channel/UCzjvxUjxTagYiGMmczl3DrA,Mattyice
UCzkGDBl3d0XvFCvIOfMkgkw,http://www.youtube.com/channel/UCzkGDBl3d0XvFCvIOfMkgkw,DJ Zips
UCzkY0h7rwQjAlNW1NIz4H4g,http://www.youtube.com/channel/UCzkY0h7rwQjAlNW1NIz4H4g,SharaX Official
UCzwcf_Wivsckwp1uQwTu8Xg,http://www.youtube.com/channel/UCzwcf_Wivsckwp1uQwTu8Xg,TotoTriceps
UCzxam5bmSXDrnnIXLvNFOkQ,http://www.youtube.com/channel/UCzxam5bmSXDrnnIXLvNFOkQ,Baron's Castle
UCzycs8MqvIY4nXWwS-v4J9g,http://www.youtube.com/channel/UCzycs8MqvIY4nXWwS-v4J9g,ONE OK ROCK





